cust_id,cust_name,dob,gender,account_no,account_type,branch_code,balance,currency,txn_id,txn_amount,txn_type,txn_date,loan_id,loan_amount,loan_status,interest_rate,credit_score,email,city,state,country
1102,,09-16-21,M,51434749,current,,14086.78106,INR,250862,8535.063371,CR,10-31-22,5792,163827.4818,,11.40030388,846,invalid,,DL,India
1435,,03-24-20,M,51835879,SAV,,11465.33406,INR,682943,12123.50933,,10-28-20,5883,105087.9176,closed,14.39260229,522,invalid,Mumbai,,USA
1860,Sneha,03-25-23,Female,42469247,saving,BR02,81866.72572,USD,815003,36183.8851,credit,01-01-20,7539,248843.9798,,5.019319143,679,,,MH,
1270,John ,07-10-21,Female,69171413,CUR,BR02,-598.9022448,,717736,38656.11156,CR,08-25-22,6212,238010.3534,,12.25771047,462,,,MH,India
1106,Rahul,02-29-20,Male,23689493,saving,,39014.20197,,278446,14021.39761,credit,12-19-23,6601,450752.8097,active,11.57065183,353,test@gmail.com,Pune,DL,USA
1071,John ,10-02-22,F,78374762,saving,BR01,12661.38386,,798267,46829.17616,CR,04-09-22,5809,17369.97372,,12.32304192,441,,,DL,
1700,Alice,05-01-22,,93027288,saving,,87329.67265,USD,281143,14387.76308,credit,06-22-23,5960,159939.7883,,8.554054068,629,invalid,Delhi,,
1020,Sneha,09-13-22,,45674971,current,,53489.25389,,744795,36310.16211,CR,05-08-23,5419,298328.946,,13.20496445,330,test@gmail.com,Pune,,
1614,John ,04-08-22,,61212060,,,19294.96682,,396956,19032.63587,DR,01-21-23,8320,302400.8809,closed,5.447069314,798,,Delhi,MH,India
1121,Bob,11-21-21,Male,49501580,current,,47754.86515,,936002,43851.93959,debit,02-20-21,8659,240063.1145,,12.55431101,626,test@gmail.com,Pune,,USA
1466,,07-07-23,Female,46785617,current,,71806.06777,,413045,44465.67462,DR,06-05-22,7696,407832.7704,,7.670719413,403,,Mumbai,,
1214,Alice,06-20-21,Male,70961537,saving,,95602.39094,,160186,-4754.991528,credit,01-22-20,6187,31361.08571,,9.768377749,891,,Mumbai,MH,India
1330,Sneha,07-16-22,,38899868,current,BR02,18146.83045,INR,222066,46189.59988,,03-23-20,8816,407743.8828,active,13.22636272,820,invalid,Mumbai,,
1458,John ,04-26-23,F,41052238,saving,,88049.08607,,490508,39532.09049,DR,01-31-23,6278,247377.1202,,7.713590352,489,invalid,,DL,India
1087,Rahul,01-11-20,M,32700314,,,93101.93199,,805611,37478.64286,debit,06-08-23,7523,66880.34754,,6.852075116,623,test@gmail.com,Mumbai,,USA
1372,Bob,06-29-20,Female,94370894,CUR,BR02,91224.15718,USD,820531,2054.680381,credit,02-09-24,8877,442850.9568,,11.81313185,453,,Pune,DL,
1099,Bob,05-10-23,Female,35137138,saving,BR01,61718.50747,,136160,38307.15253,DR,05-09-23,6440,324614.3898,,10.33394892,860,,Mumbai,,
1871,John ,01-18-24,Male,70350924,,,61131.16872,,119156,41007.96408,CR,11-23-22,7217,81772.84341,active,10.14403869,599,,Pune,MH,India
1663,,03-17-23,Female,40779669,CUR,,37337.11648,INR,176208,7349.020067,,12-13-22,6340,16824.8617,active,7.567695155,392,,Delhi,MH,India
1130,John ,09-04-23,,57189674,SAV,BR01,74001.77764,,573196,47135.6047,credit,08-25-20,7221,70554.82417,,5.348803058,438,test@gmail.com,,,
1661,Alice,08-07-23,,45154340,saving,,50785.87193,USD,565536,-7008.391216,DR,11-25-23,7517,304398.9801,closed,9.102691383,521,test@gmail.com,Delhi,DL,India
1308,John ,07-23-20,Male,45908279,saving,,66130.99748,,773289,-1005.444805,credit,04-08-23,7392,89648.11763,closed,6.065594805,781,,Delhi,MH,India
1769,Bob,03-13-20,,88127618,SAV,BR01,39988.0799,USD,559822,22254.86828,CR,12-05-23,7492,112881.5374,closed,14.05989151,549,invalid,Mumbai,,India
1343,Sneha,10-15-23,F,80001342,SAV,BR01,71807.12872,USD,331226,24547.54827,debit,01-02-21,6041,12569.86288,closed,5.412503235,675,,Mumbai,DL,
1491,John ,03-06-23,Male,62315765,saving,,81569.50935,USD,555775,28709.005,DR,08-16-20,6093,361465.3361,,9.316508542,295,,Mumbai,MH,
1413,,01-04-21,F,20831890,SAV,BR02,10375.80694,,547421,-8981.852241,credit,12-04-22,6361,405182.1999,active,5.522455837,344,test@gmail.com,Delhi,,USA
1805,Sneha,09-15-21,M,15949852,current,BR02,82457.62014,,866054,47622.00648,credit,06-01-23,7675,398424.0884,,5.955438746,313,,,,India
1385,Rahul,02-08-22,F,10029725,CUR,BR01,51731.13584,USD,561691,-7324.714436,credit,01-27-22,5591,63784.07568,,11.58866667,662,test@gmail.com,,MH,USA
1191,NULL,02-21-23,M,73019115,CUR,BR01,83689.92045,,819701,-1416.282837,debit,02-08-20,5526,451650.5637,,11.47111261,892,invalid,Delhi,,
1955,John ,03-06-20,M,58495982,CUR,,40286.67917,INR,981809,-9159.128948,credit,08-18-20,8759,336139.4147,,5.330521949,258,,,,India
1276,,01-20-21,F,19184536,current,,34799.25097,,405007,24011.506,,01-08-22,7503,448764.3112,closed,5.011314751,708,test@gmail.com,Delhi,MH,USA
1160,Sneha,10-09-20,Male,57766655,SAV,,91081.37691,INR,837197,45936.01304,,11-05-23,6292,223580.2523,active,5.788180772,658,,Delhi,,India
1459,,08-27-22,,26413806,,BR01,21372.77309,,165439,29956.82996,credit,03-22-22,6654,218477.4305,,12.62998898,719,,,,India
1313,Rahul,12-15-20,,29748999,SAV,,83642.29416,,762554,39359.44811,,10-03-22,5810,392268.2593,active,10.84576473,755,,Pune,,
1021,Bob,10-14-20,M,50078991,saving,,45822.16011,USD,826747,-9203.127792,DR,05-03-21,5187,46648.92774,,5.381182452,322,,Pune,,USA
1252,,02-09-20,M,43121540,CUR,BR02,48980.02147,,745649,22520.91791,,08-16-21,8068,260437.0183,,9.880970159,333,test@gmail.com,Mumbai,DL,
1747,Sneha,07-02-23,Male,37705858,SAV,BR02,27389.16956,,312986,17573.77865,credit,12-25-20,6592,418192.1178,,12.12029357,308,test@gmail.com,,,USA
1856,,02-18-21,Female,33313511,,,55169.43106,USD,297286,19938.07665,CR,07-17-23,7758,415096.2815,,13.68951395,270,test@gmail.com,Mumbai,MH,USA
1560,,10-10-20,F,37719138,saving,BR02,29147.17561,INR,982608,-5667.20888,DR,04-12-21,5528,478066.4282,active,14.34036491,707,,Delhi,MH,USA
1474,,12-01-20,M,30686655,current,BR01,-876.7115046,,592508,31066.12166,debit,01-07-24,5433,349136.2968,,8.27440563,406,test@gmail.com,Pune,DL,
1058,Alice,06-03-22,,90835433,current,,23559.85356,USD,129777,20193.22489,credit,07-01-20,7335,103885.3147,,6.358324284,578,invalid,,DL,India
1510,Alice,01-01-24,Male,15627745,,BR02,-4330.200442,INR,356427,35908.93099,debit,07-14-23,6941,10140.15745,closed,7.369259207,822,,,MH,
1681,Bob,01-21-20,F,81020010,saving,,97727.25264,INR,781543,19117.43804,CR,03-22-23,8638,239707.8993,,12.76171492,825,invalid,,DL,
1475,John ,08-29-20,Male,71509503,CUR,,96403.45703,,520661,-1037.101826,debit,02-20-23,7546,256851.9328,active,14.71484215,452,invalid,Pune,,
1699,,09-11-23,F,21245869,SAV,,36491.30623,,298110,28895.41724,credit,03-01-23,8512,120131.2922,,9.663936174,890,,Mumbai,,
1975,Rahul,12-30-21,F,12253722,saving,,71478.93971,INR,449345,343.1817263,credit,01-14-24,6804,62348.72356,closed,8.053532135,355,,Pune,,India
1782,John ,12-10-20,M,11649729,current,BR01,31309.64033,USD,514627,42343.6738,CR,09-12-20,5302,293104.0831,active,9.29190582,371,test@gmail.com,Mumbai,,
1189,Rahul,09-16-23,Male,59970088,,,65464.78149,INR,805937,26786.97434,credit,04-26-20,5086,382127.837,,8.048131446,567,invalid,Delhi,MH,USA
1957,John ,08-10-20,Male,11116271,,,79570.15452,INR,378011,-567.7669866,CR,07-27-23,7877,496577.0518,closed,7.564875232,431,,Delhi,DL,
1686,Bob,01-24-21,,20916876,SAV,BR01,94409.40569,,686789,47740.28345,CR,07-04-22,5437,379151.3086,active,10.93750752,864,test@gmail.com,Mumbai,,
1957,,10-17-21,,41978888,,BR02,37022.28896,,245338,21101.9278,credit,12-22-20,7588,396816.2071,,5.157359804,565,,Delhi,,India
1562,,05-31-22,M,32461013,,BR02,77246.28821,USD,925854,-5626.092888,,07-27-22,6045,308230.4391,closed,7.595522487,874,,Delhi,,
1875,NULL,06-24-22,M,28458857,saving,BR02,22922.48732,,790568,27609.97426,CR,07-29-21,5832,492961.3295,active,11.61382078,655,,,,
1566,Rahul,07-18-21,Female,57204953,CUR,,98984.8919,INR,601754,5191.934421,credit,04-23-20,5796,319978.1926,,5.320626963,319,,,DL,India
1243,John ,06-01-20,,27443381,SAV,,-2294.19213,INR,745832,38221.60711,,02-15-20,5559,430126.6432,active,5.832018165,409,test@gmail.com,Pune,,USA
1831,John ,03-17-21,F,96674443,saving,BR01,58370.52468,,524429,39069.32441,CR,04-14-22,8588,472892.3231,closed,7.933961448,489,invalid,Pune,,
1504,Alice,01-27-22,Male,57380429,CUR,BR02,64248.12807,INR,762727,48736.84135,,06-23-20,5761,464929.2503,,13.77804799,772,invalid,Pune,DL,
1130,NULL,01-03-21,M,74341005,saving,BR01,67244.78349,INR,879518,20112.17186,DR,08-24-20,6698,190707.6719,,12.6488616,387,,,,India
1484,Sneha,07-07-23,Male,98362401,saving,,7640.695773,USD,659650,17297.41278,DR,03-01-21,8574,39331.02916,,5.221566294,744,,Pune,,
1818,Sneha,07-19-21,Male,47264820,,BR02,93545.62726,,350449,35208.53633,,11-08-23,8785,85936.85127,closed,10.01712817,496,test@gmail.com,Pune,,
1646,Alice,07-19-20,Female,71983306,CUR,,14024.2443,INR,413732,-2051.760619,CR,01-05-24,7514,29611.6527,,7.74687494,792,,,,USA
1020,Alice,02-16-22,,36906511,SAV,,60389.10734,,269357,22814.93083,credit,05-20-21,6124,52698.46741,,11.48645659,773,,Mumbai,,
1840,Alice,03-24-21,M,16739013,SAV,,18380.98831,USD,750971,22774.85601,debit,11-09-23,8654,92325.62295,closed,12.21553883,492,,,,India
1166,Rahul,10-22-21,Male,17089975,CUR,,27257.72379,,880445,-4631.612631,credit,07-09-22,7722,170547.1583,active,13.62862577,869,,Mumbai,,
1273,Rahul,12-22-20,M,18805586,,,52378.14688,INR,305827,15079.04513,debit,09-28-20,5684,271769.8233,active,9.754162371,585,,,,USA
1387,Bob,04-21-22,F,54564078,current,BR01,38805.30895,,302918,41197.08791,debit,09-13-21,6164,355841.0297,closed,14.94450089,671,invalid,Pune,,India
1600,Bob,08-09-20,Female,57719804,saving,,11823.6881,INR,398451,41369.21732,CR,03-11-20,5137,105463.6681,,14.79986107,443,,Delhi,,
1315,Alice,01-07-21,F,88877827,,,12948.32225,INR,442424,-4045.740105,,05-14-22,5577,336261.2021,closed,13.82166724,557,invalid,Delhi,,
1013,NULL,11-14-21,M,24263315,CUR,,38905.20276,INR,513083,-4556.747035,credit,03-16-20,5709,352129.5373,active,10.74869495,894,test@gmail.com,Mumbai,,
1241,John ,05-08-23,M,58085527,saving,BR01,74514.71272,USD,942955,5761.72862,,02-09-23,8911,279311.1684,active,8.980064375,755,test@gmail.com,Mumbai,,India
1776,Rahul,11-22-21,,65073945,SAV,BR02,89286.28792,,840045,42485.96375,DR,07-26-20,5227,451808.9349,,8.643863101,530,invalid,Mumbai,,
1345,NULL,05-27-21,Male,80977316,current,,3833.404537,USD,207669,-2265.844896,CR,09-04-22,7328,55497.40696,,5.121247501,688,invalid,Delhi,DL,
1564,,03-05-22,Male,39171429,SAV,BR01,36275.91029,,832318,33199.80816,CR,06-29-21,7731,88560.7288,closed,7.491744972,857,,Mumbai,,
1897,Rahul,11-01-22,F,37366868,CUR,,5525.784191,USD,258998,-3930.062823,DR,07-09-22,5827,214332.4122,active,12.18808235,732,invalid,,DL,USA
1339,Rahul,11-02-22,Female,18074037,saving,,-3257.789534,,727503,27388.27122,credit,01-30-20,5430,63356.36762,active,11.036321,472,invalid,,,
1091,Bob,07-15-20,Male,44867175,CUR,,64480.46168,INR,722995,11364.03795,DR,06-25-23,6063,283148.0719,active,14.16422189,366,,Delhi,,USA
1366,John ,06-26-23,,23822356,saving,,58257.19141,INR,506396,37334.83778,credit,07-01-20,8590,199200.2333,closed,5.500222669,441,,,,
1955,John ,07-16-21,F,55677485,,,12117.00695,USD,717125,4021.42693,debit,09-21-20,6709,142297.8973,closed,6.552766032,867,invalid,Mumbai,MH,India
1454,Sneha,08-19-23,F,60435843,current,BR01,19550.34747,,345847,28352.10976,CR,10-28-22,6686,84994.90651,,12.89243789,765,invalid,Delhi,,
1427,Sneha,03-27-21,,65608376,,BR01,-2510.685867,INR,327544,4140.952075,credit,08-10-20,6234,167669.1192,,8.585076312,779,invalid,Mumbai,DL,
1508,Sneha,05-26-20,Female,64432684,,BR01,82669.4566,,966304,32819.61699,,07-05-22,5301,303979.6754,,6.183453337,556,,,DL,
1775,Sneha,05-09-21,,62496899,CUR,,97342.51259,USD,974168,42420.68207,,08-17-21,6109,287892.6054,,14.96450505,781,,Mumbai,,
1942,,04-01-21,Female,53420892,current,,9223.251363,INR,367614,-2391.892052,CR,12-17-21,6420,81812.00011,active,12.87250303,371,,Delhi,DL,USA
1034,,11-29-21,,84412557,saving,,19304.89745,INR,327467,41995.74132,DR,03-16-22,8324,62459.90537,,9.087410368,898,test@gmail.com,Mumbai,DL,USA
1205,Rahul,12-14-20,,29992066,saving,,86183.00001,USD,246025,25614.51526,DR,06-21-21,5532,13338.3813,active,13.23347477,841,,,DL,USA
1080,Alice,09-13-20,M,20108631,SAV,BR01,92278.69879,USD,859940,-2373.370548,credit,03-14-21,5768,6212.796897,,11.8060387,403,invalid,Pune,DL,
1931,Bob,05-27-20,F,54613348,saving,,39060.87519,,612177,15652.51132,DR,03-13-22,8962,439905.2179,active,12.8997476,786,,Delhi,MH,
1561,Bob,08-10-22,,85092303,CUR,BR02,315.3595883,,979401,-348.3823909,CR,08-02-21,6938,22544.428,,13.15206378,701,,Mumbai,,USA
1871,Sneha,11-29-23,,38727993,,,-863.8574623,INR,715781,32020.87333,credit,08-18-22,6404,365610.5549,,5.847286833,418,,Delhi,DL,India
1387,Rahul,02-19-22,Male,76329075,,BR02,55264.73594,INR,892955,35532.08807,debit,04-26-22,5443,435992.5481,,11.22972888,308,invalid,Mumbai,MH,India
1001,NULL,12-04-20,F,51822973,,,36253.98643,USD,317995,-3652.208784,DR,05-08-21,8104,49028.92428,,5.06785553,550,,Pune,MH,
1389,Alice,01-17-23,Male,86655127,current,,-1991.495104,INR,812550,20368.39116,DR,08-06-23,5259,218150.7119,active,5.434562463,802,test@gmail.com,,,India
1565,Rahul,11-30-22,F,96835361,saving,,56241.50119,INR,393313,38877.50336,credit,05-06-22,8305,481151.4916,closed,14.03980009,799,,Mumbai,,India
1105,Alice,06-12-20,Male,34133277,CUR,BR01,-3813.233658,USD,669929,46169.78249,,01-30-21,6538,417069.3303,,10.27563721,366,,Mumbai,,USA
1771,Alice,03-24-22,,46059026,current,,77674.05561,INR,254062,20811.072,DR,08-18-21,8930,244852.0159,,12.35901986,376,,Pune,,India
1821,Alice,07-30-22,,95129374,SAV,BR02,27175.44638,INR,653949,47016.75342,CR,07-21-21,6331,381285.5564,closed,13.3850099,654,,Delhi,DL,India
1476,Rahul,08-14-23,M,63899323,CUR,BR02,-772.909684,,768779,22141.33823,DR,01-09-20,7786,416688.8122,closed,14.49586768,648,test@gmail.com,,,
1702,Sneha,07-31-21,Male,51266066,CUR,,56776.9832,,900889,13651.42968,debit,10-09-20,7843,174013.4816,,13.69352848,764,test@gmail.com,Mumbai,,
1401,Bob,12-01-21,Female,59351998,CUR,BR02,36756.86352,USD,954032,40892.18771,DR,03-21-22,5069,446076.4584,closed,9.833114487,747,test@gmail.com,Mumbai,DL,
1729,Bob,06-10-20,M,72527341,,,97249.0434,,727907,19578.96263,,06-07-21,6477,235236.6598,active,8.359703074,777,invalid,,,India
1555,Sneha,06-18-20,Male,43997463,CUR,BR02,52140.85956,,438246,18314.15063,DR,01-29-21,6462,263903.6818,,6.544932362,647,,Pune,DL,USA
1161,Alice,11-26-21,Male,25663645,saving,BR01,23900.11401,,657373,19418.74936,credit,04-25-20,6848,499853.8189,,9.003214825,514,,Delhi,,
1201,NULL,03-05-22,M,66775993,CUR,,69491.08079,,197064,40807.10011,DR,04-26-23,8435,421651.4831,,8.664935792,512,test@gmail.com,,,
1957,John ,04-10-20,,96676453,,,23506.66027,,806014,39916.4925,,03-27-22,8030,180885.0029,,10.59574842,647,test@gmail.com,Delhi,MH,
1995,Rahul,04-30-22,Male,41632286,CUR,,89945.5456,,499346,14211.19955,credit,01-22-20,8837,5172.798236,active,11.65509409,895,,Pune,MH,
1269,John ,07-16-23,,64248291,SAV,,34345.8069,,730011,9997.991592,CR,01-30-23,5480,313087.0369,closed,14.78325476,776,,Pune,,USA
1862,Sneha,02-12-20,M,84170047,SAV,,52736.19909,INR,233114,19515.68144,credit,10-13-22,6167,351956.7131,,12.28386186,685,,,DL,
1815,NULL,02-21-20,,97173138,,,310.1759015,INR,956566,24366.35058,debit,01-24-22,7071,325401.3451,,11.43748532,609,,Mumbai,DL,
1270,Rahul,02-22-21,F,21592111,saving,,39742.72998,,929414,4300.232638,credit,08-16-23,8012,483931.1756,active,8.350924343,378,invalid,Pune,,
1455,Sneha,07-10-20,Female,77399862,saving,BR02,82398.17166,,591638,37637.30508,CR,01-11-22,8496,431485.5137,active,5.345038765,883,invalid,Pune,,India
1461,Alice,06-14-21,Male,81964784,current,,79593.12456,,951617,19188.96594,DR,01-22-24,7793,224415.8466,closed,7.881251289,490,test@gmail.com,,,
1726,Bob,01-24-21,Female,83476576,,,18553.44868,,657765,10042.73291,credit,01-02-21,7892,31428.74374,,12.684479,876,invalid,,MH,
1251,John ,04-20-23,,17997043,CUR,,18738.30246,INR,738449,-3590.740422,credit,08-18-20,6198,238029.3848,,7.052719408,471,,,,India
1701,,06-06-20,Male,10181360,,BR01,80817.05778,,939141,4330.709624,credit,02-24-23,8915,344622.01,active,12.12188194,463,invalid,Pune,DL,India
1295,,10-26-22,,29221242,current,BR01,92691.83412,,784076,46956.87031,credit,01-20-23,7372,303854.9041,,10.79779843,841,,Delhi,,
1724,NULL,10-05-20,F,96401499,,BR01,5012.896734,USD,440281,8305.981209,CR,07-27-20,6892,269068.5339,,6.718568698,384,test@gmail.com,Pune,MH,USA
1719,Alice,10-10-22,M,82641274,,BR02,42256.15714,,922450,131.557362,,11-02-23,6694,234409.479,,7.616248063,635,,,DL,USA
1748,John ,04-11-23,Male,81247150,current,,30432.69929,USD,239133,17640.3675,,03-25-21,6883,146880.9365,active,9.963036035,552,,Mumbai,MH,India
1337,Alice,12-05-20,F,73848248,saving,BR01,86422.28782,INR,763969,8425.264602,credit,11-24-20,6371,138673.3809,,9.183747051,536,,Mumbai,,
1878,John ,03-18-20,F,88140533,CUR,,3770.116041,USD,397515,-7890.444984,CR,07-14-20,5797,250115.7395,,12.78563848,811,test@gmail.com,,,USA
1052,NULL,07-27-21,Male,85441964,current,BR01,17168.22397,USD,865710,9388.713037,CR,09-29-22,5017,80301.57321,active,12.34404643,438,,Mumbai,MH,
1791,NULL,01-26-22,,84002592,SAV,BR01,74009.17545,USD,445165,22646.51744,credit,08-05-23,5043,170342.7118,,10.74574503,546,,Pune,DL,
1921,,12-16-20,F,74416144,saving,,385.854143,,514021,23102.74232,debit,01-02-21,5154,161989.6374,,13.22274711,775,invalid,Delhi,MH,
1216,Alice,01-06-23,Female,63915845,SAV,,46716.21498,INR,370001,11393.53527,credit,05-11-20,5866,293566.4008,closed,10.62669541,638,,Pune,,USA
1763,Rahul,06-14-22,F,58006403,saving,,41421.23864,USD,766980,16838.16538,debit,09-17-20,7969,33341.15018,,14.64389257,708,test@gmail.com,,,
1187,,10-20-21,,28904815,CUR,BR02,30112.12379,,632465,47931.07509,credit,05-06-21,8448,414834.3401,closed,7.172240992,510,,Pune,MH,
1379,Alice,08-27-23,,25697605,CUR,BR02,36430.09311,INR,523327,12640.90863,debit,06-16-20,5742,281189.1902,,12.14131994,362,,Mumbai,,USA
1492,,06-01-23,Female,47937226,,BR01,50643.76163,,351842,5493.608796,debit,02-09-23,8954,335413.3404,closed,8.699441321,285,test@gmail.com,Pune,MH,
1040,Rahul,07-07-23,F,50253576,SAV,,11943.57263,USD,450722,4608.022644,credit,12-22-20,6851,351546.9519,active,7.789661944,328,test@gmail.com,Delhi,,India
1156,Bob,03-02-21,,65030361,saving,BR01,55059.56722,INR,714229,17465.87676,debit,12-05-21,6425,145742.0684,closed,6.80387476,524,,Mumbai,MH,USA
1014,Bob,11-17-20,Male,76298692,CUR,,79570.39458,USD,882409,35571.20892,DR,01-10-21,5224,235185.7837,,10.52503476,527,invalid,Delhi,,
1812,Bob,10-07-22,M,23099507,current,,74816.89763,,636114,2359.291051,,08-12-22,5216,478122.9779,,7.154694327,561,,Delhi,DL,USA
1064,Bob,08-07-22,M,89394364,CUR,,11159.48999,INR,769250,32557.76763,CR,07-15-20,8639,383352.619,closed,7.003508514,778,,Delhi,DL,
1856,Sneha,06-25-22,M,56801033,current,,10671.19432,,444572,-8731.010599,debit,03-21-23,5030,484778.4376,active,14.90531905,453,invalid,Pune,,
1838,John ,06-04-20,F,48844162,saving,,23158.30861,INR,610283,15135.97868,debit,09-11-23,6892,373127.1726,,13.01747417,266,test@gmail.com,Pune,MH,USA
1520,Sneha,12-19-20,Female,64769258,CUR,,32912.84627,,750332,36551.90391,CR,11-08-23,6082,87800.06985,closed,12.4827682,725,,Pune,,India
1343,Sneha,06-25-21,,92450685,CUR,BR02,37887.83605,INR,813391,10323.97735,debit,07-31-20,6915,32267.94192,,12.94060626,760,invalid,Pune,,
1128,Sneha,06-05-23,Male,53682501,saving,BR02,66368.20777,,612656,23824.22609,CR,07-13-22,5897,288830.7184,,14.68922874,459,,Mumbai,,
1647,Bob,02-10-22,Male,87647696,CUR,,951.4453774,,605350,2298.75397,credit,02-26-22,8424,178906.6399,closed,10.73276689,748,,Pune,MH,
1471,Rahul,09-25-21,F,85057004,current,,-1359.366056,,437164,34519.72347,DR,01-30-21,7982,137728.9551,closed,7.202438774,651,invalid,Mumbai,,India
1062,NULL,07-09-23,M,15720626,CUR,BR01,36150.60911,,629783,-6863.253804,DR,08-26-20,5444,403605.4982,closed,13.62209641,678,test@gmail.com,Delhi,,
1138,NULL,03-23-20,F,23654772,SAV,,68202.18767,INR,128481,41152.55869,,10-15-22,6258,183496.6335,,12.42730729,327,invalid,Mumbai,DL,
1498,John ,08-17-20,Female,49929257,,,15310.71101,,766627,1891.783185,debit,11-09-21,6130,158500.4849,,9.143083123,817,test@gmail.com,,MH,USA
1592,Bob,04-05-21,Female,48560290,current,BR01,62357.97053,USD,861062,42463.8819,,07-17-23,6214,424993.7966,,9.735694986,329,,Pune,,USA
1391,Bob,11-19-20,,39168537,SAV,,22281.95448,,237815,11151.75448,credit,04-06-23,7015,423143.6682,,9.112523985,555,,,,India
1674,Bob,01-23-23,,18221252,saving,BR01,88039.04143,,727763,33361.01447,DR,04-25-23,7577,178183.3189,,14.2994216,307,invalid,Mumbai,MH,USA
1418,,07-07-21,Female,62209619,current,,89047.44415,,804133,9153.517867,credit,12-23-21,6936,416249.3505,active,8.435316115,779,,Pune,,
1288,Alice,01-30-20,Female,98849481,,BR02,26215.15645,,419186,44354.70027,credit,06-13-22,5737,425389.2452,,14.63484279,457,,,MH,India
1378,,04-24-22,Female,71069572,,,19149.34417,INR,149476,-2401.772469,debit,04-02-23,6702,211965.2675,,14.10271771,760,,Pune,,USA
1772,Alice,02-27-23,F,89538531,saving,BR02,38186.91707,USD,847465,711.1873564,credit,07-18-22,8654,33236.5651,active,11.30521142,384,invalid,Mumbai,,USA
1489,Bob,01-07-22,Female,46421189,saving,BR01,20255.81644,,390696,19581.80751,DR,02-18-20,5873,792.3222332,,10.79821773,771,invalid,,MH,India
1230,Bob,07-26-22,Male,36502745,current,BR02,65600.30355,USD,820602,-5083.693658,,12-17-20,5565,261646.2314,active,8.700892801,830,,Mumbai,MH,
1040,,01-18-20,M,87745411,CUR,,81736.79188,USD,538988,1758.811082,DR,07-29-23,8316,172037.7467,active,5.18338389,332,invalid,,,India
1027,,06-15-20,Female,89852157,saving,BR02,65674.67375,,784308,46625.98293,debit,04-27-21,7018,498565.9471,active,6.276231862,870,,Delhi,,USA
1134,Alice,01-19-23,M,49467750,CUR,BR01,81556.79696,,307383,48589.37967,DR,04-07-23,6885,386205.4998,active,12.54231323,293,,Delhi,DL,USA
1200,NULL,05-13-22,F,23487010,SAV,BR02,36684.17703,,169093,12575.55976,CR,04-29-23,7123,380637.7282,,9.715401266,732,,Delhi,,India
1839,Alice,07-08-20,M,56206264,,,11413.28192,INR,693411,45397.16126,,11-10-21,5546,477621.3841,,6.498381342,893,,Delhi,MH,
1779,,11-29-21,F,40190179,CUR,,72484.84948,USD,116535,22689.48054,CR,07-27-23,7314,443862.1989,active,7.639608541,742,test@gmail.com,Delhi,MH,
1929,Rahul,03-29-20,Male,76627397,,,32849.82304,USD,428634,6184.547952,CR,12-26-20,5316,159093.7397,closed,14.478369,748,,Mumbai,,
1032,,06-24-21,F,21416757,CUR,BR01,65483.43665,INR,670850,32143.92326,debit,10-27-21,8883,82993.6108,closed,8.671328353,267,test@gmail.com,Delhi,DL,
1047,Rahul,02-24-20,F,37804333,SAV,BR02,23417.61391,INR,481186,29534.10839,credit,06-03-21,8192,372946.1325,closed,14.07681945,854,,Mumbai,,India
1502,John ,08-28-22,,80760251,saving,,3529.111655,INR,356323,49347.51915,CR,10-23-21,6859,189136.9468,closed,8.046358323,543,,Delhi,,
1406,,01-20-22,Female,37270507,SAV,,99221.08853,USD,975512,5902.837245,DR,06-21-22,5024,236586.3258,,10.43220094,397,,Pune,DL,
1573,John ,11-02-22,Female,54470459,saving,BR02,11401.15833,USD,358916,30323.57016,credit,07-06-22,8503,315198.8656,,5.204770834,721,invalid,Delhi,DL,
1727,NULL,04-25-20,Male,15905950,saving,BR02,98784.20437,,813895,-6878.574698,DR,10-24-20,5159,453936.3385,,10.2187511,421,,Pune,,
1804,Alice,05-22-20,Male,80321747,,,97614.39292,,330063,-3181.237678,DR,07-05-20,7643,209543.8768,active,11.36942011,812,invalid,Mumbai,,
1098,Rahul,03-14-23,Female,13028631,SAV,,78350.90091,USD,141269,-9764.897503,credit,08-17-23,6137,391658.4451,,7.343050993,780,test@gmail.com,Delhi,,
1683,Alice,02-17-21,,24218200,CUR,,64239.41102,,180674,49967.64086,credit,08-13-22,8806,134169.8956,active,10.78937176,369,invalid,,DL,
1871,John ,05-14-20,Female,92096675,SAV,BR01,55669.74028,INR,928894,38136.42183,DR,08-26-21,5899,348985.8955,active,11.47167772,315,,Mumbai,DL,USA
1725,Rahul,01-03-20,,67563860,,,85940.66226,,385291,37203.38088,debit,09-21-20,7549,789.710539,,11.86886078,390,invalid,Delhi,,India
1986,Alice,07-23-22,Male,37736989,saving,BR01,25391.14977,,538744,20583.56452,,12-25-22,6189,435753.6067,,12.76403322,695,,Mumbai,,India
1546,,07-02-21,M,16423959,,,44106.52731,USD,701383,8004.024974,,03-24-21,8060,15189.78998,closed,8.113392429,755,test@gmail.com,,,
1960,Bob,01-17-21,Male,67315945,current,BR01,60035.94678,,868460,-924.1429322,debit,12-02-23,5702,356376.8774,,10.67776956,438,,Delhi,,India
1738,John ,09-20-23,Male,14024733,current,,38174.99997,,824291,7080.484331,credit,04-12-22,8246,23129.09463,,14.8157903,407,,,,India
1612,Alice,07-23-20,F,31636437,CUR,,39886.07768,,190925,12558.27332,DR,10-29-22,5000,133122.8497,,13.98144171,859,,Delhi,,
1942,John ,03-07-20,F,60275547,,BR01,29679.89009,,690669,35378.60582,,04-10-20,6922,248601.2018,,14.52665428,495,,Pune,,USA
1461,Sneha,02-03-24,F,10019675,CUR,BR01,54244.34075,INR,723756,22379.70733,DR,05-22-22,7788,209969.3427,,8.861363985,282,invalid,Mumbai,DL,India
1642,John ,09-30-21,F,35239821,CUR,BR02,84310.32544,USD,342330,-5350.982407,debit,09-16-20,8157,95918.0573,active,12.86928106,610,,,MH,USA
1768,Rahul,10-11-21,,36133385,current,BR02,16160.47969,,950181,-8918.259462,DR,03-17-20,8645,166907.4559,active,11.19897952,579,invalid,Mumbai,,India
1004,Sneha,02-05-24,Female,50365237,CUR,BR02,93115.46907,USD,113731,-3860.069228,debit,09-20-20,7367,363853.185,active,5.827350831,761,,,DL,USA
1217,Rahul,10-22-23,M,62569705,current,,67354.20364,USD,486791,14629.92282,credit,12-07-23,6424,334628.5463,closed,13.23980389,320,,Mumbai,MH,USA
1502,Bob,12-27-22,Male,14464344,saving,BR01,81443.68733,USD,591874,45991.57502,debit,06-16-20,5381,35907.29188,,11.77101276,562,,Mumbai,,India
1766,Sneha,01-05-20,,87906501,,,53400.02273,,675312,28244.14887,debit,08-03-22,6741,373657.9128,,6.989173595,328,,Mumbai,,
1397,,04-13-23,M,22310059,CUR,,76849.25365,INR,741000,38109.55399,,09-05-20,8688,26522.9406,,5.797385574,418,invalid,Pune,,USA
1870,John ,10-29-22,,10566088,current,,-3298.958279,USD,201121,17982.47567,DR,02-09-21,8389,271463.1945,,13.37022131,429,test@gmail.com,Delhi,,USA
1794,Alice,01-23-22,,90836396,SAV,BR01,80929.9446,INR,365976,11699.96499,,09-18-22,6826,130031.374,closed,5.789018295,877,invalid,Pune,,India
1392,NULL,10-24-22,Male,50113379,CUR,,-785.419796,INR,656620,-3495.977637,CR,05-05-22,6273,293845.0638,,5.913538654,509,test@gmail.com,Mumbai,,USA
1206,John ,07-22-22,Female,20151607,saving,,88440.90452,,112467,42555.98133,debit,03-14-22,6548,130664.198,,9.274082879,735,test@gmail.com,,MH,USA
1014,John ,02-02-21,F,75500778,saving,,99156.08846,,141025,36989.60174,CR,06-08-22,8746,492478.9848,,6.347978284,254,,Mumbai,,
1857,Bob,09-22-22,Female,10658003,SAV,BR02,25877.08353,,244179,87.08585586,,09-02-21,6578,154864.0919,active,14.13669597,546,test@gmail.com,Delhi,,USA
1553,,10-04-21,Male,10805113,current,BR02,17083.44841,,177994,20735.63383,DR,01-19-21,5897,120980.3178,closed,9.702839363,869,invalid,Pune,DL,
1891,NULL,07-27-23,Male,71183416,CUR,BR02,75363.15321,,194202,19242.48848,,03-25-23,8694,139232.6455,,10.69150981,609,,Delhi,,USA
1460,Sneha,05-10-21,Male,19322004,current,,21567.7658,INR,667769,27505.49316,DR,11-17-23,5716,448236.4286,active,14.28106089,366,test@gmail.com,,DL,USA
1690,Sneha,08-29-22,M,15028035,saving,BR01,85884.05023,USD,495797,46771.21364,DR,08-03-20,8967,318109.4143,closed,10.30263226,606,invalid,Delhi,MH,
1574,Sneha,03-26-21,Female,21551409,current,BR01,5798.472177,,699406,24786.28651,credit,12-21-23,8327,365342.0487,active,8.53591146,688,test@gmail.com,Pune,MH,
1863,Rahul,06-12-20,Female,30811680,saving,BR02,8225.29562,USD,486154,22413.03601,debit,06-13-21,7354,459005.255,,12.97155106,580,test@gmail.com,,,
1742,Rahul,11-28-20,,25433222,current,BR02,97810.91329,USD,544854,-6980.624024,,03-24-23,8215,455936.2424,,9.428501975,774,,Delhi,MH,USA
1240,Alice,07-23-21,,87456782,SAV,BR02,65753.08432,,748002,-6225.551439,DR,12-20-21,8729,369472.9233,,8.184694256,437,,Pune,MH,
1563,NULL,08-28-20,,68835615,,,83923.15857,USD,848987,1240.80748,,01-18-21,5390,98912.21442,closed,12.23229459,530,invalid,Pune,,USA
1095,Sneha,04-26-20,Male,42382711,SAV,BR02,29054.58462,INR,260185,-8051.753698,,05-02-21,8884,421686.6603,,13.01605677,760,,Mumbai,DL,USA
1899,Rahul,12-23-20,Female,83317578,SAV,,66030.7937,,184363,34601.17373,DR,12-04-23,6699,101888.0171,closed,12.91716168,715,,Delhi,,USA
1733,Alice,06-02-21,Male,22834263,,BR01,57395.39187,USD,425188,33399.81824,CR,05-13-23,8240,371449.407,active,14.77674414,364,,,,India
1484,,07-13-22,M,40647215,,,58330.76261,,311027,-1836.625934,debit,05-12-23,8037,342801.5333,closed,12.86666949,485,,Mumbai,,
1406,Alice,02-12-21,,89232916,CUR,,66665.90825,INR,373958,40164.73405,debit,05-17-21,7345,379444.4251,,12.69933436,587,invalid,Delhi,,India
1230,Rahul,06-24-22,Male,76006681,CUR,,55412.71318,INR,461484,-712.8379092,credit,04-06-23,5232,266342.8404,,13.57485254,771,,Delhi,DL,
1748,Bob,11-22-21,Male,63873131,SAV,,40051.54878,USD,372168,8070.53522,credit,07-30-23,6926,319363.0911,,5.001851953,448,invalid,,,USA
1654,Bob,10-05-21,M,37758455,SAV,,23971.88291,,818648,4938.61395,credit,12-21-22,7318,476660.0402,active,8.624314112,299,,Mumbai,,USA
1170,Sneha,01-08-24,F,53627391,saving,,75701.03975,USD,995668,12338.42591,debit,05-06-20,8131,50544.29709,closed,12.37603096,391,,Mumbai,DL,
1540,Bob,03-17-23,Female,61844408,saving,BR02,18758.60515,USD,682124,5279.825953,CR,02-11-23,6319,154423.6374,active,10.99719011,777,,,DL,
1035,Sneha,04-14-21,F,63889337,CUR,,67697.20215,,369579,19337.05559,debit,04-25-20,8538,305678.5065,,6.775720026,763,invalid,Mumbai,,
1524,Sneha,12-07-20,,56389268,CUR,BR02,19499.94638,USD,355095,14444.47288,debit,02-02-22,8306,482027.0651,,8.037330891,279,,Pune,,India
1159,Rahul,09-11-22,Male,38046417,saving,BR02,60659.66785,INR,957033,49194.16945,debit,06-05-22,7724,47787.22383,,8.367926111,331,test@gmail.com,,,
1838,Bob,06-07-23,M,95749316,saving,,73443.21805,,581632,-6644.418992,debit,11-29-21,5705,11274.61077,,10.67828111,280,,Delhi,DL,USA
1698,Sneha,07-26-20,M,37512406,current,,17964.95834,,361176,-1469.117417,CR,08-18-21,5233,27874.79924,,13.31598296,582,invalid,,MH,
1242,NULL,01-02-22,Female,55516505,current,,1294.04659,,483015,-6830.446365,credit,07-15-22,6391,26202.84323,closed,14.3249178,426,,Pune,DL,India
1085,,03-10-23,F,25851428,saving,BR02,8752.243014,,349717,27550.4717,,04-17-22,8766,453907.9289,,12.50092413,619,test@gmail.com,,,
1795,Alice,02-01-24,Female,22155863,current,BR02,58629.68156,USD,758767,-6729.443355,credit,09-27-20,7892,360628.954,closed,13.4295039,796,invalid,Delhi,,
1577,Alice,10-09-22,Male,23981528,,BR01,84191.87265,USD,985375,40186.38424,credit,08-05-21,6255,338553.1831,closed,9.700959585,784,,Delhi,,
1681,Rahul,05-02-21,Female,50956756,CUR,BR01,-275.3337703,INR,132940,20716.31784,,02-09-20,6896,261286.4101,active,8.897753196,355,invalid,,,India
1556,Bob,04-01-21,M,73467903,CUR,BR02,72085.8822,,629954,21620.45747,debit,10-03-20,7538,390976.3085,,8.927085321,346,test@gmail.com,,MH,
1573,Bob,03-23-20,M,34723448,saving,BR01,30838.45782,,399266,23695.67046,CR,10-25-21,8690,77823.99638,closed,11.16038528,479,,Pune,DL,
1952,Sneha,08-11-21,,97384488,SAV,BR01,45245.47884,INR,256164,248.8223784,CR,11-26-21,7550,195970.5949,,6.242367056,476,,Pune,MH,USA
1645,John ,11-25-20,,15403252,saving,BR02,92530.25273,,306717,1861.418187,credit,12-02-22,5889,245002.1254,,10.79494183,620,invalid,Delhi,MH,India
1795,Sneha,02-14-23,Male,38204739,current,BR02,29857.008,INR,463334,9129.039372,,01-29-24,8806,55204.74884,,11.6513286,349,test@gmail.com,Mumbai,,
1027,,02-01-24,F,60422654,SAV,,43860.37806,USD,462612,25609.78495,DR,12-20-20,5591,209756.8547,,9.389087402,694,,Mumbai,MH,
1619,NULL,06-14-23,Female,14151785,current,BR02,-3563.34645,,126505,2607.066556,debit,05-28-23,5745,158250.8896,,14.53167177,717,test@gmail.com,Mumbai,,USA
1555,Alice,01-01-21,Male,39489478,,BR02,3567.865601,,661001,-3020.096372,credit,10-24-20,8452,17791.0729,closed,11.08213272,304,invalid,Mumbai,,
1339,Sneha,04-13-22,,69509024,current,,22152.11707,USD,547603,48207.01319,CR,03-19-23,6719,68367.70136,,7.199994722,444,test@gmail.com,Delhi,,India
1797,John ,09-05-22,Female,60538135,,,-2075.514714,,929601,-8681.091111,,05-27-20,5427,382018.4116,,9.792162574,769,,Mumbai,MH,
1957,John ,03-01-20,,47192252,,,61294.40924,,304354,38161.84432,,12-30-21,7744,9018.954752,active,11.75404437,673,test@gmail.com,Mumbai,,
1330,Sneha,11-14-22,Female,80393185,current,,39771.82746,,701799,37282.10897,credit,12-29-20,7693,467126.6495,,8.236291246,564,invalid,,MH,
1639,Rahul,05-24-22,F,27456057,current,,52555.24629,USD,926954,7832.846831,DR,02-12-22,5731,43212.31622,,5.796416063,377,,Mumbai,DL,USA
1505,Alice,08-25-23,Male,58515114,,BR02,13337.95452,,312204,-1862.40304,CR,07-03-20,5799,399619.0471,,10.83435635,281,test@gmail.com,,,USA
1347,Rahul,09-09-21,Female,32197928,SAV,,26072.86309,,350694,-1262.281198,credit,09-27-23,7411,449308.2705,closed,14.47870169,342,test@gmail.com,Delhi,,
1472,NULL,03-04-20,M,54882342,,,64701.56986,,349836,31845.89703,DR,10-16-22,5201,470567.7924,,9.850719856,768,,,,
1230,John ,03-18-21,M,97338581,CUR,BR01,96356.78598,,858849,28568.39547,,12-01-21,7929,433738.5117,,14.06109081,507,,Pune,,India
1189,John ,10-14-21,Female,85542704,,,293.7612282,USD,985829,36964.74046,debit,04-07-23,7193,143775.0197,,13.35023588,469,,,,
1224,,02-08-20,Female,62777488,SAV,BR02,88490.35369,,628168,46248.87034,CR,12-15-23,5835,166543.5657,closed,6.474127836,355,,Mumbai,,
1384,NULL,05-24-21,Female,92249313,CUR,BR02,55572.52614,,536670,31515.6418,CR,09-22-20,7686,213272.8493,,12.08169922,797,test@gmail.com,,MH,
1376,John ,07-20-23,M,92572229,saving,BR01,54211.55451,USD,667827,-648.9078069,DR,10-28-20,8528,69648.3447,closed,9.354655251,665,,,DL,India
1282,NULL,11-06-23,M,41770093,saving,,47529.2462,,340056,4606.557006,credit,10-13-21,5134,11136.22753,active,7.502463253,806,,Delhi,MH,USA
1957,Alice,02-15-23,Female,99338053,SAV,,2286.37902,,319057,40531.62385,,04-26-21,7673,434560.8071,,11.86938356,558,invalid,Delhi,,
1632,Bob,03-14-22,,23609569,,,4437.069432,USD,639087,2558.36455,DR,01-12-21,6287,277064.3581,,12.42660719,615,test@gmail.com,Mumbai,DL,India
1627,John ,11-26-20,,78488768,current,,58095.76059,,607800,-5648.660983,debit,04-08-20,7111,304361.4711,active,6.798963187,770,invalid,Pune,DL,USA
1972,,06-04-23,F,50907604,SAV,,30800.65,INR,204843,32196.80324,debit,09-23-20,7538,463494.2374,,14.14444682,708,test@gmail.com,Pune,DL,India
1744,Alice,11-18-20,Male,78546052,CUR,BR02,91313.14699,USD,543942,14151.58133,debit,02-24-22,8718,332560.0891,,12.51147244,848,,,DL,USA
1258,Sneha,05-17-20,,45210753,CUR,BR02,37692.00642,USD,148784,45202.40315,DR,05-11-21,5040,345426.7522,active,14.33375499,619,invalid,Pune,,
1358,NULL,07-22-21,M,44093077,saving,,10044.55316,INR,213034,29015.30427,,09-30-21,8367,393484.3242,,8.170732188,580,invalid,Delhi,,India
1709,Sneha,12-05-23,,36737775,CUR,,70045.47752,,534044,-4574.861333,CR,11-20-23,8074,58174.22493,,14.39335016,891,,Mumbai,DL,
1455,Rahul,12-08-22,F,64856769,SAV,,25802.10925,,824886,46871.39404,credit,07-19-20,5912,180081.0766,active,8.685176578,260,,Mumbai,DL,India
1410,Alice,12-20-21,F,26374601,CUR,BR01,50174.38227,USD,154362,5513.435818,CR,09-08-22,6729,484103.9639,,5.539697614,756,,Delhi,,USA
1648,Sneha,11-08-23,Male,88326927,SAV,,68272.44248,USD,153997,10232.74942,,04-02-21,5974,461465.0391,closed,12.62969389,668,test@gmail.com,Mumbai,MH,India
1317,John ,12-17-21,,33689071,current,,89527.73168,,281413,14135.62482,CR,01-19-24,6133,442037.6482,,12.03508144,371,,,MH,
1676,NULL,11-06-21,M,70910677,saving,,78180.07545,,512289,-6926.542216,DR,05-18-21,8292,226044.2552,,10.97910992,484,,Mumbai,MH,
1224,Bob,03-14-23,M,50104523,CUR,,66017.91213,,464543,19790.92533,debit,03-03-21,8441,428596.4768,,9.898937444,580,test@gmail.com,Pune,,India
1818,Alice,03-18-23,Female,34567790,SAV,,66361.48415,USD,900981,-2600.890535,,11-13-20,7415,24197.94097,,5.321652703,792,invalid,Mumbai,MH,
1233,John ,10-07-21,M,63698471,,BR01,94322.08762,USD,943352,14058.2196,,05-17-22,6459,74258.71213,,11.24597252,597,test@gmail.com,Mumbai,DL,
1683,,11-19-22,Male,88107941,saving,,26061.53024,INR,840686,11042.58728,CR,01-30-24,7965,206983.8492,,9.168346152,661,test@gmail.com,Delhi,,
1663,Rahul,08-30-22,Male,62499002,current,,-4883.230109,,568731,36370.40501,DR,12-24-20,8075,241696.0333,active,10.60209403,473,test@gmail.com,Delhi,,
1974,NULL,05-05-21,M,49993954,SAV,,23555.22874,,884752,38190.2307,CR,07-22-21,7040,131753.5768,closed,9.29321342,402,,Pune,MH,
1826,Alice,04-20-20,M,98934079,current,,17878.59486,,513532,-795.2270567,CR,12-05-20,5243,178238.3354,closed,14.66056133,461,test@gmail.com,Delhi,,
1373,Alice,05-30-23,Female,64716658,current,BR01,64492.63144,,257255,11993.07124,,06-29-22,7949,81388.05051,,11.04108901,341,test@gmail.com,Pune,DL,USA
1671,Bob,11-13-21,M,31595966,CUR,,61539.71798,,980292,12401.18966,CR,03-13-22,5165,244567.0159,active,12.49236331,580,test@gmail.com,,MH,
1607,Bob,09-24-23,Female,69544511,CUR,,57313.44518,,648912,-915.3733638,debit,02-14-23,6049,396921.6464,active,14.36346947,716,,Pune,DL,India
1471,,01-11-22,Female,47026182,SAV,,-3294.438463,USD,817875,37907.2103,CR,06-13-22,8466,330680.1968,closed,10.91599323,890,invalid,Mumbai,,
1232,Rahul,05-14-20,M,46319763,,BR01,71521.69572,,859072,32433.6997,debit,10-11-22,6497,53896.12368,active,5.120625178,803,invalid,Pune,DL,USA
1691,,08-18-23,F,68401945,SAV,BR02,28970.69331,,578997,1422.907178,,04-04-21,8088,243790.8017,,5.342916783,477,invalid,,DL,
1112,John ,04-27-21,F,86085630,,BR01,64830.87885,INR,670993,12003.31452,DR,12-20-23,5727,348823.1914,,12.02338434,443,invalid,Mumbai,DL,
1829,John ,03-16-23,Female,46185155,current,,53440.73499,,713614,-3651.698509,debit,08-07-20,6115,264947.6483,active,7.790851362,779,,Pune,DL,India
1496,,01-19-22,M,38997485,saving,,30986.74717,INR,519972,27692.39583,DR,05-03-23,5482,195837.7983,,10.79379727,492,,Delhi,,India
1441,Rahul,02-28-21,F,27642355,SAV,,9130.508046,,946822,-2717.684527,DR,01-26-21,7590,310957.2106,,7.022771811,638,test@gmail.com,Delhi,MH,USA
1563,,08-20-22,M,93261653,SAV,BR01,4913.984254,,168369,49156.05012,debit,10-31-21,8276,484319.3327,closed,7.702488751,525,,Delhi,DL,India
1267,Rahul,11-14-21,M,87076110,,,82309.42498,,301893,36840.92448,,08-26-22,8573,47453.95488,,10.04641056,699,invalid,Pune,MH,
1509,Rahul,12-11-21,M,84652023,current,,91431.74192,INR,371733,13414.31298,credit,05-23-21,7978,195008.0304,active,14.75569463,888,,Pune,,
1806,Sneha,07-19-22,,15384935,current,,63227.74491,,737300,24713.83594,DR,01-20-23,7447,203302.9265,closed,11.16270489,836,test@gmail.com,,DL,India
1385,NULL,02-19-20,M,22155092,,BR01,5860.58206,,959613,44680.50897,DR,05-14-21,6230,288483.6552,,14.36148105,823,test@gmail.com,Mumbai,DL,
1386,Rahul,01-11-20,,24514254,current,BR02,37212.85777,,800146,23245.95682,,03-16-23,7666,76087.30094,closed,14.59379854,727,invalid,Mumbai,,
1112,Bob,01-21-22,Female,29678933,CUR,BR02,71538.61601,,850046,469.9091839,,07-15-20,8217,88321.51494,active,7.081099964,729,invalid,Mumbai,MH,
1612,Rahul,08-11-23,F,33063155,saving,,76881.19282,USD,747999,12722.20133,CR,09-20-22,7926,142680.693,,8.111936025,537,invalid,Mumbai,,
1624,Rahul,08-07-22,F,33593741,SAV,,7412.955341,INR,176425,40588.6919,,02-12-22,7148,477935.0216,,12.69992281,789,,Pune,DL,
1951,Rahul,05-22-20,F,96097818,saving,,-4996.774521,,596297,28652.78096,DR,04-03-21,5879,367054.2906,,13.66764002,579,test@gmail.com,Pune,,USA
1080,Sneha,10-05-20,F,49247228,SAV,BR01,69774.38982,INR,640282,29043.46306,debit,01-09-24,5829,330846.6508,,10.19226744,719,invalid,,,India
1698,Sneha,10-11-23,F,69010024,CUR,,32442.59848,INR,211915,42009.28914,credit,01-08-21,8951,408478.8437,,14.93226067,783,,Mumbai,DL,USA
1112,John ,09-21-20,F,79748793,current,,21720.53982,INR,485105,43638.38345,CR,11-04-22,8312,63788.23446,closed,5.115721988,716,test@gmail.com,Pune,MH,USA
1001,Sneha,02-22-23,F,13133211,,BR01,-3645.765672,,583414,45187.55431,debit,04-29-22,7024,429666.4099,,7.995926556,669,test@gmail.com,Pune,MH,USA
1641,Bob,11-24-22,Female,21616152,CUR,BR01,51731.43771,,204672,-4309.048405,credit,10-13-21,8994,297416.3569,,11.23161754,857,,Pune,DL,
1219,Bob,12-10-20,M,11726199,saving,,84370.82722,INR,913071,22647.56012,credit,02-21-21,5758,167664.5037,,9.692899109,371,test@gmail.com,Pune,,
1565,Sneha,07-10-23,Male,22756935,,BR02,95551.32286,USD,379349,34430.57127,credit,06-13-23,5162,407927.6279,,6.166029664,557,invalid,Mumbai,DL,
1854,,09-11-23,,15071915,current,BR02,54403.21981,INR,418821,35415.61071,debit,08-23-23,8955,401282.2672,,8.677870855,583,invalid,Mumbai,,
1996,NULL,04-09-20,Male,42005216,CUR,BR01,49018.43941,USD,132930,26402.97212,CR,08-13-23,6196,422854.2909,active,5.254471433,669,,Pune,,
1735,Sneha,06-18-23,Male,77552809,,,3930.920476,INR,173313,7.24011102,CR,08-09-21,7549,57758.95005,,11.42746046,575,test@gmail.com,Delhi,MH,
1224,Rahul,04-25-21,M,83418978,CUR,BR02,52631.64416,,849211,37845.23324,credit,09-04-22,7594,484680.6225,closed,13.92742543,898,test@gmail.com,,,
1384,Alice,02-14-22,M,60352901,CUR,,34897.80329,INR,213153,33206.68001,debit,01-19-24,6307,479813.0769,active,13.84874124,822,,Mumbai,,India
1402,NULL,02-03-23,M,12276787,current,BR02,58749.20449,INR,585725,-4831.853707,credit,10-10-23,8430,178734.8228,closed,11.99544474,499,invalid,Mumbai,,
1637,NULL,12-05-20,F,70974870,SAV,BR02,35816.26653,,904748,17828.58948,,07-04-20,7428,32947.00911,closed,9.657701955,344,,Delhi,DL,India
1129,Bob,04-27-21,Female,51245272,,,20231.40796,USD,332911,438.6439713,CR,04-22-21,7917,83527.83473,closed,10.12031619,545,invalid,Mumbai,,
1052,NULL,08-23-20,F,33278769,current,,4971.353899,,196058,10248.62274,DR,05-01-22,7952,496415.4127,active,6.36918824,433,test@gmail.com,Delhi,MH,
1683,Sneha,02-18-21,Female,25342276,CUR,BR02,28066.43668,USD,187876,-8915.134468,credit,09-10-22,6995,281506.4716,active,8.410170931,509,test@gmail.com,Delhi,MH,
1729,Rahul,01-14-24,Female,44829066,current,BR02,5147.7076,,709654,14019.7921,,01-29-23,6934,178310.8994,,6.877280755,435,,Pune,,India
1671,Rahul,11-11-21,Male,79863927,SAV,,13574.17984,INR,637691,22992.61527,CR,04-02-23,6556,144101.3469,active,13.21200203,658,test@gmail.com,Mumbai,MH,USA
1709,John ,05-23-20,Male,11228807,,,98670.29665,,442196,27174.95557,debit,08-20-23,8891,128495.8677,,14.14753901,318,,,DL,USA
1415,Rahul,07-21-21,Female,35288599,SAV,BR02,41630.87348,,872838,29809.42071,CR,01-17-20,8234,332076.3825,closed,10.36923261,876,,Delhi,,
1246,Rahul,04-20-21,Female,65495163,saving,BR02,50846.53548,USD,361420,40177.47879,debit,01-19-21,8049,209693.9158,,12.27764041,257,invalid,,DL,
1835,Bob,01-26-21,F,59840603,,,86729.94552,,577843,2927.774437,debit,01-14-21,7656,482705.3497,active,6.214647709,514,,Pune,DL,USA
1438,Rahul,09-12-23,F,42134440,SAV,BR02,99534.73455,USD,435639,-2771.090654,credit,12-19-23,5306,341921.5153,closed,11.08534643,733,test@gmail.com,Mumbai,DL,
1202,John ,06-02-20,Male,74825507,CUR,,56185.01718,USD,263004,41092.23031,credit,03-13-23,6362,396022.2955,active,12.02791021,866,,Pune,DL,
1183,Alice,12-18-23,M,51156180,,,80309.75121,,458234,-603.2311064,CR,07-22-22,7102,146370.7743,,9.527681295,620,,Pune,,
1122,Sneha,12-02-23,Female,81572022,,,29328.80756,USD,398845,48485.60488,,02-09-22,8030,39593.20455,active,7.432730845,332,test@gmail.com,,,
1400,Bob,07-31-21,F,85912072,current,BR01,27103.11553,,496601,40552.29376,CR,01-01-24,5332,243911.4187,active,13.77374521,895,,,DL,India
1766,Alice,01-23-23,Male,45823502,CUR,,37283.8907,,876684,20052.59635,DR,07-22-21,7174,157290.7733,closed,12.4290872,460,,Delhi,DL,
1293,Bob,02-26-23,F,47967791,saving,,65613.26258,USD,681529,48885.2855,debit,11-16-20,7752,101041.5825,,13.99857282,562,,Mumbai,MH,USA
1279,,03-04-22,Female,17640167,SAV,BR01,66630.12737,USD,765727,-4157.396254,debit,12-25-21,5242,476321.0654,active,13.18402647,853,,Pune,MH,India
1836,NULL,06-06-23,Female,96717649,current,BR02,28100.14064,INR,165030,8183.945671,credit,01-24-22,6884,221994.1072,,14.9037443,586,,Delhi,,USA
1883,,09-09-21,,17322153,SAV,BR01,8987.042034,USD,801865,28293.4649,,03-29-22,7647,87354.29602,active,6.921727332,739,,Delhi,MH,India
1609,Rahul,12-03-21,M,53391803,saving,,61401.60693,USD,264404,11000.41211,credit,03-20-21,8919,99325.32634,active,5.867477678,652,invalid,Pune,,India
1197,Alice,05-24-20,,46073939,saving,,8474.21553,INR,307397,45702.35312,DR,04-03-23,6432,140354.8712,,8.370027913,888,test@gmail.com,Pune,,
1981,Rahul,05-25-23,Male,61588363,,,55741.71336,INR,579702,-6062.434709,CR,02-14-23,7550,499658.1341,closed,6.29004175,440,,Delhi,,
1906,NULL,07-11-21,F,52023297,saving,,67809.32345,,518779,22964.70992,CR,08-31-22,8798,134005.7503,,10.23130113,584,,Pune,,
1510,Bob,06-12-21,Male,28303750,SAV,,68564.20712,USD,205185,25451.97604,,07-01-20,7651,164400.9023,closed,11.33028905,771,test@gmail.com,Pune,MH,India
1751,NULL,11-18-20,Female,94710223,CUR,,74114.57162,,136404,29163.68743,credit,10-07-20,5302,329664.064,closed,10.78288615,868,,,,
1143,John ,05-22-20,,67678210,CUR,,86650.23926,,155182,5339.9734,credit,03-30-20,8535,146980.6882,closed,7.592401354,336,invalid,Mumbai,MH,USA
1608,NULL,05-06-21,,93110764,,,47495.69416,INR,395135,11873.98565,DR,08-24-22,5234,107902.1255,active,14.08824031,828,invalid,Delhi,,USA
1200,John ,02-04-23,,64134634,SAV,BR02,71676.1649,,728889,40620.83178,CR,12-03-20,8767,79318.59332,,5.211723637,311,,Pune,,
1123,NULL,06-14-21,Male,73442983,SAV,,60013.13721,,803023,1696.566138,credit,07-24-23,8109,156341.3325,active,8.480133538,636,,Delhi,DL,
1186,Sneha,01-26-23,Female,40284261,saving,,14597.19368,,952318,39612.07083,,12-22-22,7186,52957.84481,,12.18992475,395,,Mumbai,,USA
1325,John ,05-13-22,F,77480480,SAV,BR01,-2302.587289,USD,746290,23759.32537,CR,04-26-20,5194,9323.293207,,12.66928926,402,invalid,Delhi,,USA
1463,Alice,01-27-22,F,28737371,current,BR02,24876.8455,INR,445992,35731.25067,DR,03-09-20,6550,402320.8487,closed,9.161185444,868,invalid,Delhi,,
1348,Rahul,09-04-20,Male,72344320,saving,,41518.53917,USD,944124,32816.44198,,07-02-23,6792,68947.47121,,5.169098133,598,test@gmail.com,Delhi,DL,USA
1770,Rahul,08-08-21,,19163766,current,,59796.12417,USD,325461,2450.689723,debit,01-01-20,5646,387988.4249,,11.18043679,427,,,,
1659,,11-08-21,M,95655047,,BR02,84245.7297,INR,923932,24128.76419,DR,02-07-21,7048,398771.2395,active,5.630946812,736,,Mumbai,,
1763,Rahul,09-21-22,Male,91560164,CUR,,15605.80025,USD,920217,42063.38917,,07-08-21,5560,268959.7632,active,6.078557762,496,invalid,Mumbai,,USA
1954,Bob,06-22-23,Male,69636639,,,8182.727939,INR,708434,15926.97421,credit,08-29-21,6119,154840.9792,closed,11.5025072,503,,Delhi,DL,
1931,Sneha,10-24-20,Female,43833647,CUR,BR01,96165.39448,,588195,47995.44621,debit,07-05-22,5712,72516.36687,active,8.124883261,749,,Delhi,MH,India
1402,NULL,10-21-22,F,12843236,,,6344.678735,USD,672285,17132.90601,DR,03-18-20,5412,368402.5534,active,8.480301527,790,test@gmail.com,Mumbai,,India
1345,,11-12-20,Male,22126467,SAV,BR01,45241.56236,INR,631458,-1432.8618,credit,05-11-21,5537,300693.493,,9.86807077,601,invalid,Pune,,India
1962,Bob,12-26-22,Male,84488797,current,BR01,56484.19152,,244375,13366.0808,debit,10-08-20,6878,327726.7282,,14.78578395,761,invalid,,DL,USA
1510,Bob,10-02-22,,66366866,CUR,,51844.3142,USD,433887,47102.14438,CR,10-19-21,7476,4334.544923,active,14.65442221,262,,Mumbai,,
1146,John ,02-18-21,,41853087,saving,,4033.376488,,571068,9183.25096,credit,03-05-20,5234,463758.5079,,9.162609994,808,,Delhi,,USA
1147,Rahul,03-18-23,M,32362925,current,BR01,987.8259704,INR,135187,42085.88959,,07-12-23,7396,33145.09372,,7.654992172,400,test@gmail.com,Pune,DL,
1863,Alice,03-19-22,Female,40781302,saving,BR02,6075.759883,USD,820394,42875.0409,DR,01-09-21,6779,183402.9426,closed,8.025921527,299,,Pune,,
1710,Alice,02-05-24,M,94464768,current,BR02,56486.70681,USD,757253,11011.19146,debit,12-17-20,6893,201355.8248,,7.687812982,464,invalid,Pune,,USA
1819,,11-19-22,,59439294,current,,52156.2132,USD,769113,-5004.540517,credit,11-22-20,6504,677.762249,closed,10.32245807,893,invalid,,DL,India
1488,Sneha,03-23-20,F,81335020,,,19542.78316,,138090,33473.47455,CR,11-17-20,6862,248544.6547,active,11.06859808,621,,,MH,
1928,Alice,08-22-22,,75972086,CUR,BR02,61966.28489,INR,569984,8690.737941,DR,04-28-21,7443,376404.4973,closed,9.887793882,362,,Mumbai,MH,
1935,NULL,03-10-21,Female,60122260,CUR,,81107.08772,,945844,36975.41686,DR,02-08-20,6374,411634.3266,,9.079943622,501,test@gmail.com,Mumbai,MH,USA
1639,Alice,05-29-21,,37640477,current,BR02,-634.2092161,,877766,16559.2909,credit,05-26-23,5415,439698.4967,,7.112850376,590,test@gmail.com,Mumbai,,
1550,,06-17-20,Female,51537804,SAV,,47303.64407,,418174,19116.00454,CR,11-21-20,6909,243859.4342,,9.825055914,302,test@gmail.com,Mumbai,DL,
1337,Alice,08-10-23,Female,55145249,SAV,,67377.59327,INR,641797,36674.5644,debit,09-19-21,5915,315318.0953,active,8.411027138,379,test@gmail.com,Delhi,,USA
1871,NULL,06-16-21,Female,51682179,saving,,21492.75234,,168653,12941.79986,credit,09-23-21,8958,39759.85665,active,10.41595463,442,,,,USA
1640,John ,07-15-23,Female,39754469,saving,,27315.94506,,792289,16587.64072,debit,12-08-20,8122,244019.1121,,11.75189416,840,invalid,Pune,,
1778,Sneha,10-29-23,Female,57384057,,,59431.97981,INR,491770,12571.42813,DR,08-24-21,5080,77407.87744,closed,11.33312174,306,invalid,Delhi,,
1987,,12-20-22,F,35698550,current,BR02,89283.20581,USD,366186,12040.43092,debit,08-19-22,7083,184821.5588,active,9.624902104,346,test@gmail.com,Mumbai,,
1952,John ,07-04-20,M,30729471,saving,BR02,80042.06413,,293646,21556.79461,CR,12-21-22,6090,164652.6564,,10.56052424,447,test@gmail.com,Mumbai,DL,India
1472,John ,02-28-21,Male,64148890,saving,,56228.67301,USD,399345,38527.96667,,10-04-22,7688,211770.2886,active,7.84856131,896,test@gmail.com,Delhi,,
1945,John ,04-13-21,M,12592536,current,,71673.28036,,847642,11706.09872,CR,12-14-23,7929,285818.309,closed,5.24240259,396,,Pune,DL,India
1150,Bob,02-24-23,Female,54918675,,,33306.35937,,638304,21455.28323,debit,04-09-21,6690,451438.3235,active,11.25019454,824,,,,
1414,Sneha,02-23-20,F,75532833,saving,,62301.38045,INR,387166,30243.63953,credit,01-17-23,5756,197242.3157,,7.525685591,826,invalid,,DL,India
1989,Rahul,07-14-23,,82613245,,BR02,43949.06707,,856322,6166.366778,DR,12-21-21,7670,490565.5979,,11.6895371,544,invalid,Pune,MH,India
1297,Sneha,11-14-23,F,27296381,CUR,,14943.29433,USD,652226,6651.368294,,10-27-22,8751,379514.024,,12.470085,870,test@gmail.com,,,
1610,Bob,02-27-23,Female,64745732,,BR02,68682.51876,INR,274750,46004.78762,credit,11-10-22,8552,255740.5234,closed,14.15927746,261,,Mumbai,MH,
1262,Rahul,01-21-20,F,30218082,SAV,BR01,53428.78692,,360710,33412.0744,credit,02-12-22,5467,322013.2186,closed,14.58122795,582,,Mumbai,,India
1763,Sneha,07-23-23,F,71963740,SAV,,32655.26611,,332320,24631.20057,CR,06-25-23,6165,51112.08557,,5.105260463,469,,Mumbai,MH,
1143,John ,02-14-23,Female,75454344,,BR02,90690.61496,,948152,28863.20327,debit,05-14-22,7403,422260.7657,,14.90374209,647,invalid,Mumbai,DL,
1345,,12-26-21,F,38190067,SAV,BR02,-2801.917628,,467658,-8242.033414,CR,04-24-23,7756,291178.7275,closed,11.83018318,591,,Pune,,USA
1623,Rahul,04-09-22,Male,61359205,CUR,,28156.18088,INR,812165,27086.17793,debit,04-24-20,6494,493033.7401,closed,11.4352416,761,invalid,,,
1571,NULL,04-15-22,Male,50990129,current,,972.5467667,USD,757346,20570.53239,CR,04-27-21,6644,318214.3719,closed,5.152130952,421,test@gmail.com,,MH,
1880,NULL,12-27-22,F,83007749,SAV,BR02,75485.3682,,176478,22744.98079,credit,06-16-23,6019,417055.7916,,13.61233412,717,,Delhi,DL,India
1001,Alice,05-17-22,,51156155,SAV,,68721.28268,INR,505377,11565.42961,DR,04-23-20,8959,399881.3714,closed,6.454914472,415,test@gmail.com,Pune,,
1896,Rahul,07-13-23,Female,17946155,,,29791.98297,USD,227101,-5111.566137,debit,02-18-21,6614,172730.5757,,13.37330154,419,test@gmail.com,,,
1303,,06-02-21,Male,92959736,CUR,,65944.60473,,456843,1600.354017,,10-17-21,5901,129805.3126,,5.155625463,813,,,MH,USA
1253,Bob,06-13-22,,20384778,current,,36573.40875,USD,816284,47044.68279,,07-09-22,5672,215246.7917,closed,11.45964262,761,,Delhi,,USA
1651,John ,01-25-21,F,49242670,,,74406.6481,USD,594527,14521.97374,credit,02-13-23,5438,233620.6722,,9.348015338,438,,Mumbai,DL,India
1452,Alice,01-02-23,,16703560,,BR02,42689.28459,INR,461417,18000.98935,CR,01-15-22,7578,120042.351,active,7.007667291,369,invalid,,DL,India
1036,NULL,02-13-22,M,70336852,CUR,,38289.37142,USD,829668,-6837.412609,CR,11-27-20,5126,447298.9367,,6.075613918,354,test@gmail.com,Mumbai,DL,USA
1159,Bob,02-16-22,Male,28562775,current,BR01,93146.64113,INR,856488,-7746.026227,credit,02-23-20,7252,271273.9312,,9.401276965,290,invalid,Delhi,DL,USA
1008,Bob,04-13-20,F,39012949,CUR,BR01,21342.30549,,688033,33030.88682,,10-28-20,7076,489222.1961,active,6.233058053,570,,,MH,
1232,John ,01-05-20,Female,77642498,current,,7646.9707,USD,232283,22285.67985,,08-30-23,5444,405008.889,,9.864466117,584,invalid,Mumbai,,
1098,Rahul,01-18-23,F,30709963,CUR,,56377.02689,USD,493445,20522.35905,CR,03-20-20,5965,277852.4302,closed,11.25217059,409,,Pune,MH,India
1658,NULL,12-03-20,Female,85211737,,,96778.79029,,481116,4587.471825,debit,11-11-23,8790,473520.1391,closed,13.27384194,513,,Mumbai,MH,India
1815,,06-15-21,F,92434203,,BR02,34673.11744,,541758,34685.0439,DR,05-14-21,5463,252437.4075,active,11.78649437,779,,Mumbai,DL,
1207,Bob,05-08-21,,67888503,saving,BR01,1513.860181,,201489,94.19474651,debit,04-13-20,8351,443553.2563,closed,5.651997667,726,test@gmail.com,Mumbai,,
1130,John ,05-02-23,,39581501,SAV,,30627.05307,,656107,1396.08462,,11-29-21,7198,179072.3906,,8.074325325,601,test@gmail.com,Mumbai,DL,India
1403,,10-27-21,,11406368,CUR,BR02,48122.8237,,147779,17642.73028,debit,04-21-23,7287,189321.1917,active,7.879786079,794,test@gmail.com,Pune,,USA
1151,Rahul,11-17-20,M,69565730,saving,BR01,12001.9157,INR,837781,7176.791727,DR,04-04-21,7313,209065.3415,,14.15032423,459,invalid,Delhi,MH,USA
1053,NULL,07-05-21,Female,82894131,SAV,,64100.7329,INR,454388,4847.778874,debit,04-12-22,8765,273312.823,,13.67782044,745,test@gmail.com,Mumbai,DL,
1119,Rahul,09-03-23,,28001960,CUR,BR02,99763.68585,USD,689872,28714.25867,debit,09-16-20,8176,276745.1351,,8.701479184,631,,Mumbai,DL,India
1672,Bob,09-18-22,M,99856306,current,BR01,42432.64498,USD,513166,29058.30471,debit,08-16-23,8504,248199.4608,closed,5.711552559,730,,,MH,
1919,,12-29-23,Female,65194542,SAV,BR02,32246.49846,USD,770533,39471.02419,debit,04-19-23,5912,153000.4868,closed,13.94107318,254,test@gmail.com,,DL,USA
1627,,06-16-20,F,26150865,,BR01,37073.93752,USD,348815,15062.51402,credit,10-10-20,5496,463603.2324,,13.88189953,283,invalid,Pune,,
1586,,06-30-22,M,96017098,saving,BR01,7090.348731,INR,944464,-5614.894538,,05-21-21,6463,294293.0487,,13.54746132,394,,Pune,,
1624,Bob,09-14-22,Male,73349631,SAV,,87743.72815,,477218,6419.983095,DR,12-12-20,6771,203869.6081,,13.45081638,600,test@gmail.com,Pune,,USA
1967,Bob,11-06-23,M,47043861,SAV,BR02,38556.69383,USD,461417,48800.32779,,05-08-22,7732,325588.4804,,9.802540011,832,test@gmail.com,,,
1419,Rahul,12-09-20,M,92974992,,,35663.8132,,914468,25775.51451,credit,07-21-20,5157,383983.3789,active,6.774316522,714,,Mumbai,DL,
1421,Alice,11-11-23,Female,20897034,CUR,,64267.47866,USD,354957,32584.22509,credit,09-13-22,5171,480364.0441,,9.774880505,597,test@gmail.com,,,USA
1103,Rahul,03-19-20,F,54474126,current,,41413.5092,,695644,-9558.530222,credit,06-08-21,5493,249774.5811,closed,9.945977707,374,invalid,Delhi,DL,India
1851,NULL,11-04-20,Male,27071962,,BR01,63064.51422,USD,245364,21092.34393,credit,01-12-24,5969,56049.25518,active,9.899317532,520,,Pune,,
1253,John ,11-24-23,,49265186,current,,1451.860464,USD,627340,-7748.280548,debit,12-12-22,6334,220382.9007,,10.38772586,606,,Pune,DL,
1226,,11-04-23,,15432019,CUR,BR02,80440.95109,USD,406521,24153.81273,,12-30-21,6426,239485.2807,active,7.57657023,776,,Pune,,
1111,Alice,05-14-21,M,98238972,SAV,,93752.91505,INR,298910,45246.25098,CR,09-09-22,6692,448497.0391,,8.662411811,747,,Delhi,MH,
1509,John ,12-05-20,Female,95588239,current,,63120.36555,,429963,48105.14783,DR,04-02-21,6793,197400.3842,active,9.34186592,402,test@gmail.com,Mumbai,,
1472,Alice,01-20-23,Female,64089633,saving,,95229.42253,USD,246692,22433.16052,credit,01-31-21,7723,476662.1324,active,6.311212095,302,test@gmail.com,Mumbai,MH,
1098,Sneha,06-21-21,,64133825,saving,,10900.39301,USD,130461,17492.28832,,05-09-20,5658,242565.9539,,9.553641346,398,invalid,Mumbai,MH,USA
1152,Rahul,04-04-20,Male,20392034,,,45128.6999,,907182,46701.02565,credit,12-12-22,7950,486890.2505,closed,13.10469617,752,,Pune,MH,
1860,Bob,02-05-20,F,26394487,CUR,BR01,58189.70706,,109472,30416.58992,credit,09-30-20,5665,4099.160565,closed,13.28059543,699,,Mumbai,,India
1913,,06-05-20,Male,40671003,,BR01,56082.34798,USD,955695,-6106.043228,credit,03-09-21,8534,449407.6874,closed,9.115637719,468,test@gmail.com,,,
1895,Rahul,01-29-20,F,90021414,,,37153.4868,,212036,17943.53466,credit,07-03-20,5366,465560.226,active,10.18808312,874,,Pune,,
1877,John ,08-07-22,,56737861,,BR01,30498.86298,,288674,4414.701108,credit,04-13-20,5549,480510.4679,,5.336503321,526,test@gmail.com,Delhi,DL,
1337,Sneha,05-12-21,F,61484872,saving,,8316.522368,INR,387667,18188.25929,DR,06-26-22,5642,6538.267087,active,11.74432556,701,test@gmail.com,Delhi,DL,
1705,Sneha,02-09-24,Female,46204667,saving,,36132.95731,,786126,17327.93432,,03-29-21,6893,85850.41828,,9.046058829,677,invalid,Mumbai,,USA
1821,Sneha,09-05-20,M,53683574,,BR02,12079.38559,USD,989694,24928.68817,credit,07-24-20,5254,326882.2515,,9.454776831,332,,Pune,,India
1162,John ,07-22-20,M,72612095,saving,,72108.39603,INR,690348,11406.22942,credit,04-12-20,5207,12736.34587,closed,13.73672727,467,invalid,,,
1719,John ,09-16-22,,86802238,CUR,BR01,16927.24823,INR,371223,-143.7730326,credit,07-21-20,7497,31804.49809,,9.618344346,776,,,MH,USA
1956,John ,03-05-22,Female,38563971,,BR02,1149.357055,USD,763759,20223.16608,credit,06-19-22,5094,110539.4368,active,5.211922462,653,,Pune,,
1680,John ,10-20-20,Male,64351768,saving,BR01,52998.44447,,422870,39812.17306,debit,09-24-21,6883,256219.8844,active,7.274908909,539,,Mumbai,,USA
1995,Sneha,05-28-23,Female,81415950,current,,57499.12194,,455050,29840.73368,debit,09-10-22,7886,272951.2796,closed,9.756206143,669,,Delhi,,India
1160,Sneha,03-02-20,M,35793044,,BR01,86550.87143,INR,378676,10302.07196,CR,05-17-21,5477,17130.5614,,9.243962927,588,test@gmail.com,Delhi,,
1579,Alice,03-15-23,M,18329442,,,55583.0693,,575573,46131.38137,credit,01-01-22,7730,85183.62539,active,13.60370137,668,,,DL,USA
1800,Rahul,12-20-23,Female,66501560,CUR,,31275.48964,USD,143162,44732.45427,CR,09-02-22,5761,249852.8367,,10.42137509,456,,,DL,
1397,,08-27-21,Female,18831924,SAV,,79316.24756,,373497,2560.903963,DR,09-15-20,5189,296970.3105,active,11.89635742,514,test@gmail.com,,,
1276,Bob,10-19-23,M,49722995,SAV,BR02,51729.28378,,212313,-7634.944893,CR,06-12-21,7758,74200.84824,active,9.69323297,285,,Delhi,DL,USA
1815,Sneha,03-12-21,Male,13456653,CUR,,3324.429886,INR,128477,34478.5225,,12-08-23,6507,199420.706,active,9.396557341,622,,,,India
1915,Bob,06-09-20,,70186000,CUR,,54414.30883,,779930,39656.61568,debit,02-09-22,6756,452200.7183,,9.462866685,737,test@gmail.com,Delhi,DL,India
1503,Rahul,06-11-22,,78997670,CUR,,90341.94727,,186373,48071.87396,debit,06-29-23,6559,499449.6435,,9.109215697,508,test@gmail.com,Delhi,MH,
1895,Rahul,05-01-22,Female,40912354,SAV,BR01,36612.82568,,793464,43390.18365,credit,09-11-20,5755,493607.2274,closed,10.38583386,780,test@gmail.com,Mumbai,,
1391,Bob,07-09-21,,47516108,CUR,,26114.2092,,818730,26032.08609,credit,05-31-23,6446,440837.2551,active,7.504434018,272,,Mumbai,DL,
1134,Sneha,05-07-23,M,54181713,saving,,10064.29299,USD,628839,21803.14035,DR,12-08-20,5835,197330.044,,13.91055194,353,test@gmail.com,Mumbai,DL,
1194,Bob,12-24-22,M,14058848,,BR02,10901.7798,,168359,-8329.536924,DR,01-03-20,6663,343287.146,,8.330855481,490,test@gmail.com,,,
1400,Alice,03-18-20,Female,72201082,,,40441.00586,USD,548096,4799.386811,,03-19-23,6628,208296.1139,closed,6.475238342,502,,Delhi,DL,
1639,NULL,06-28-21,Female,10809178,current,,57546.38154,USD,243988,17576.8851,credit,03-14-21,6835,324263.5134,active,5.965504786,391,invalid,,DL,
1032,Sneha,08-19-21,Female,65109050,current,,3464.617543,INR,226150,27710.23401,credit,02-04-22,5132,154716.2355,,5.134229151,700,invalid,Delhi,,USA
1687,Sneha,11-04-21,Male,84042970,,,93654.70185,,573919,23435.11,DR,09-30-20,5054,303101.1268,,9.228560786,556,,Mumbai,MH,
1459,,02-28-22,,73391073,saving,,74289.02983,USD,796805,34558.15938,DR,03-26-23,5509,261879.2483,closed,6.876109885,749,,Mumbai,,USA
1954,John ,02-19-21,Female,51040759,SAV,BR01,56595.51142,,409780,6786.015853,DR,07-21-23,5669,12240.13291,,5.216479026,871,invalid,,,USA
1882,NULL,09-15-23,F,29339821,SAV,,81986.06045,USD,567143,23897.15646,debit,12-12-20,8612,395351.4519,,10.20019546,257,invalid,Delhi,DL,
1469,Rahul,07-12-23,F,44275469,saving,BR02,3419.609465,USD,916117,-4711.465397,CR,07-11-21,7457,5948.916123,active,11.79978549,318,test@gmail.com,,,India
1374,Sneha,07-23-23,M,99393763,SAV,,45068.08216,INR,937566,14819.93141,CR,10-09-20,8282,146577.9711,,5.857510509,824,,Pune,,India
1021,Bob,03-05-21,,38398068,CUR,BR01,61159.77832,,451060,35009.64998,credit,06-26-20,6689,2962.032727,,9.609207729,317,test@gmail.com,,MH,
1749,NULL,08-16-23,Female,76134855,,BR01,82008.55514,,207967,31604.05121,debit,03-13-23,6316,188100.7066,,12.43628679,657,,Mumbai,MH,
1669,,05-20-22,F,26530109,,BR01,77264.30381,USD,194455,49438.56423,DR,08-30-20,8034,31580.26408,active,14.85806821,767,invalid,Delhi,,
1037,Rahul,06-06-20,,33195170,saving,BR01,24092.27122,INR,883123,6673.467559,credit,09-29-21,5733,456755.4834,active,11.67190345,368,,Delhi,MH,
1229,John ,07-09-20,M,37965074,SAV,BR01,93792.4178,,561063,19891.35795,debit,09-05-23,8186,207839.6476,closed,7.448395508,280,test@gmail.com,,MH,
1364,John ,07-09-22,Male,44575901,current,BR02,8056.31335,,275405,9771.824826,,08-17-21,6693,229747.8874,active,12.1655364,767,,Mumbai,DL,USA
1562,,01-18-20,,82888141,current,,86889.02996,USD,339646,16436.18684,debit,09-23-23,5258,174925.118,closed,10.97929427,732,,Pune,MH,
1437,,11-07-23,,54324346,SAV,BR01,96948.72621,,289937,41417.00779,credit,10-30-22,8834,313753.0771,,7.117992886,456,,,MH,India
1775,Bob,12-29-21,Male,80001235,current,BR01,13601.11994,INR,572312,31052.54451,CR,07-24-23,6145,392204.0583,,13.51110826,828,,Delhi,,
1282,Sneha,02-20-22,,87309808,saving,,70816.93674,,936188,42946.47148,DR,09-16-22,5298,324073.3715,,9.274044272,636,test@gmail.com,Mumbai,DL,
1026,John ,12-10-23,M,56276888,saving,BR02,-770.0205283,,485007,2210.6665,,06-12-22,8846,374103.5592,,14.61977655,661,,Delhi,DL,
1225,Rahul,02-07-21,M,75257895,SAV,BR02,37569.39664,,161192,42401.66707,debit,07-22-22,8452,452986.8318,closed,12.22901007,619,,Delhi,,
1276,NULL,05-26-20,Male,60794649,current,,49209.74642,,291758,-6414.263549,credit,05-02-20,5560,431773.2658,active,11.44563155,602,test@gmail.com,Delhi,MH,
1797,Rahul,01-06-24,Female,20539669,saving,BR02,55967.74872,INR,935165,43315.95683,credit,03-28-20,6912,337029.2264,active,12.28352837,585,invalid,Delhi,,
1608,Alice,01-30-20,F,72670767,saving,,93273.41107,INR,335161,9744.426768,DR,08-25-23,6864,107318.9815,,9.780970188,538,,Pune,,
1283,Alice,04-29-23,Female,96708216,CUR,,65586.32217,USD,912425,8875.258005,credit,08-08-20,8572,318851.4255,,10.05226478,389,,Mumbai,DL,India
1878,,06-23-22,,57108178,CUR,,45534.18488,USD,785852,20725.3146,credit,11-29-21,5296,253041.5479,closed,13.51207385,549,,,MH,
1959,Bob,09-14-20,F,27292909,saving,,80015.87881,,776341,46441.41126,DR,12-24-20,7409,358609.6155,,11.80928537,262,,Mumbai,,India
1480,Alice,02-24-20,Male,29413938,SAV,BR01,94805.9462,INR,386287,-7133.118119,,09-10-20,7636,416465.8242,,13.97243325,677,test@gmail.com,Mumbai,,
1452,John ,01-19-23,Male,68149762,,BR01,-2683.054388,INR,815637,11133.8585,CR,05-14-23,8534,371360.7486,active,13.90826754,649,,Mumbai,MH,USA
1828,Rahul,12-04-21,F,27016233,,,98164.73359,USD,207044,41394.31932,CR,01-26-20,6461,423280.585,closed,14.76490034,358,test@gmail.com,,MH,India
1815,Rahul,03-11-22,M,60746642,saving,,4043.874602,,605173,13763.26865,debit,01-01-22,7174,31933.18667,,12.00214659,734,,Mumbai,MH,
1658,,07-03-22,F,87337555,saving,BR02,80510.61182,,281062,1949.413856,,11-24-20,5196,15810.01912,,10.02301718,605,,,,USA
1515,Sneha,01-06-20,,66043692,saving,,24435.14902,,752694,15487.65088,debit,12-13-20,7268,129250.2838,,6.663117002,398,invalid,,DL,India
1546,Sneha,02-20-21,M,44020414,SAV,BR02,8878.864064,USD,556104,13133.15009,CR,04-29-21,5994,450333.0421,active,12.0538056,556,invalid,Pune,DL,India
1191,NULL,11-18-21,Male,23907579,CUR,,41184.84217,INR,169351,44924.97209,DR,02-03-24,7138,411829.6255,,7.915777168,782,invalid,Delhi,,
1048,,11-25-21,F,82562038,saving,,62615.44084,USD,590588,35716.06254,credit,04-04-21,7458,341363.6489,,7.82947568,309,,,,
1511,NULL,01-01-21,Female,16124152,saving,BR01,34999.94373,USD,805359,20306.93334,CR,02-14-21,5007,350379.3337,,7.382877764,684,,Delhi,MH,India
1016,Sneha,11-28-21,Female,11164795,current,BR02,729.3678697,USD,334085,49302.234,,02-06-20,7591,363335.2346,,13.75122057,270,,Mumbai,,India
1171,,07-20-22,,53332370,SAV,,57943.41966,USD,858171,17916.65188,CR,12-02-21,7515,471301.3502,,13.67964447,631,,Delhi,,
1219,,03-02-22,Female,63009395,saving,,89752.34399,,598095,-6505.730151,,08-28-21,5319,416095.5762,,11.30970445,494,invalid,Delhi,DL,
1157,,07-15-20,F,90875917,current,,35237.61342,,170309,5736.459309,,05-09-21,6417,311695.1935,active,9.729809814,322,invalid,Delhi,MH,USA
1476,Sneha,03-04-23,F,79518245,,BR01,17714.94165,INR,786093,16164.22881,,09-08-23,7316,332857.7176,active,11.7211446,698,test@gmail.com,Mumbai,MH,
1045,NULL,04-09-23,Female,50580924,saving,BR02,41470.62132,USD,219156,-585.8425512,debit,08-30-20,8262,106870.131,closed,11.0722945,325,,Mumbai,,
1372,NULL,01-22-20,F,35086627,saving,BR02,78.08466012,,438144,46853.90758,DR,05-26-23,8932,328659.4126,,9.157342483,839,,,,
1517,,03-07-20,,21959207,current,,81151.19637,INR,541848,36010.93387,CR,08-10-20,6698,212339.5062,,8.796308675,639,test@gmail.com,,,
1098,Alice,08-26-23,M,67190864,SAV,BR02,81765.78515,USD,121576,6097.232026,DR,07-19-23,7108,76480.9353,closed,8.827943081,826,invalid,Pune,,
1891,Bob,11-06-22,,73881480,saving,,56740.04866,,627608,25448.27201,credit,10-12-20,6461,403201.4096,active,10.89133403,591,invalid,Mumbai,MH,USA
1744,Sneha,10-15-20,,63274943,,BR01,32075.80334,,766110,33286.94943,CR,09-20-21,6287,255123.5499,active,11.47669356,539,,Pune,DL,India
1036,Bob,05-16-21,F,30060832,saving,BR02,78977.25327,INR,727290,46476.73573,DR,01-08-22,7844,488712.5208,,9.517417535,817,,Mumbai,,India
1279,Bob,07-26-23,M,10077175,,,53242.1376,,284535,42898.12095,DR,12-11-21,6118,140839.6772,closed,14.6869145,580,invalid,Delhi,,
1348,NULL,06-09-23,F,21074355,CUR,,81722.8924,USD,126572,20911.53357,credit,07-24-21,5552,240335.0562,closed,5.83845718,508,test@gmail.com,Pune,DL,
1496,NULL,03-03-20,Male,95964888,CUR,,61303.17322,USD,380092,36479.15719,,12-07-21,7973,223997.7273,,8.47047026,675,test@gmail.com,Pune,DL,
1301,Alice,08-07-20,F,61689101,,BR02,77362.57469,USD,620114,23728.68523,CR,02-09-20,8541,60389.76122,,9.190746831,255,test@gmail.com,Pune,,
1180,Bob,09-21-20,F,29789002,SAV,BR01,57849.11429,,740816,23162.2334,CR,12-06-23,5660,213057.6394,closed,5.169213435,255,,Mumbai,DL,India
1606,Bob,05-22-22,F,60426676,saving,BR02,38484.81216,INR,794186,-3115.4825,credit,07-29-20,5715,143776.7282,active,8.649571877,440,,,DL,India
1098,,01-23-24,M,78667106,saving,BR02,95584.31529,,189051,-2431.740519,,04-17-22,7826,80160.23568,,7.737099172,397,,Pune,DL,India
1699,NULL,01-08-21,F,42648168,CUR,,51816.95161,INR,914299,21772.0169,CR,11-22-21,8585,141077.792,active,10.0603627,654,,,DL,
1992,Bob,09-16-20,M,90183226,,,58534.39945,,291303,6131.692699,CR,12-06-21,8761,116625.8456,,8.364105472,507,test@gmail.com,Mumbai,,USA
1115,Rahul,12-16-21,Female,59375565,saving,BR02,18151.20214,INR,846716,-8737.785852,CR,04-05-23,7241,367036.7655,closed,12.26182135,728,test@gmail.com,Pune,,USA
1190,Alice,04-24-23,Male,31725224,saving,,60693.33289,,881700,33370.35223,,01-08-24,7529,15387.58913,closed,10.09932495,339,,Mumbai,MH,
1252,Rahul,01-06-20,M,82554179,SAV,,55018.8032,USD,303305,-8050.804199,credit,12-27-22,8970,308731.374,,6.297622335,259,,,MH,
1980,Rahul,03-18-23,Female,18552442,current,,14408.03178,,406822,25716.61047,CR,07-28-20,8407,380330.671,closed,12.50061324,336,test@gmail.com,,,USA
1927,Sneha,01-01-24,M,19618395,CUR,,1256.645222,USD,993993,22351.62765,DR,12-04-23,6458,240361.7282,,5.992288961,400,,Pune,MH,
1982,Sneha,11-15-21,M,46566791,CUR,BR01,58457.72857,INR,899395,48128.88143,,06-05-20,8267,465782.49,active,13.39049168,874,,,MH,India
1160,Alice,12-04-21,Male,19714177,current,,75187.68828,USD,557576,19052.78836,debit,01-01-24,5854,353940.3476,active,14.31422194,279,,Delhi,,India
1255,Rahul,07-24-21,,59626984,saving,,49957.14395,,673722,-6183.913817,credit,12-07-22,8320,373961.8257,closed,8.224452902,377,,Delhi,MH,
1322,Bob,02-17-23,,86914300,SAV,BR01,18811.12566,USD,166617,23101.27807,DR,01-29-23,7545,98466.74372,closed,14.26142633,327,invalid,Pune,MH,India
1127,NULL,04-19-21,M,84313640,SAV,,64984.80755,,741857,40465.77024,CR,01-05-23,7259,388647.7879,,12.93008159,670,,Mumbai,,
1017,Alice,08-11-22,F,97094903,CUR,BR01,3411.101294,,831672,49810.95706,debit,03-16-22,5664,416047.368,,14.22435611,304,test@gmail.com,Mumbai,MH,
1792,,12-02-22,Female,15051646,SAV,BR02,41392.539,USD,983784,15820.59042,credit,07-15-22,7717,180633.1942,closed,11.66270137,729,test@gmail.com,Mumbai,DL,
1734,Rahul,07-06-23,F,80734518,current,,12153.50963,,966164,9217.92455,,08-05-22,8537,106681.534,closed,7.356440394,554,test@gmail.com,Delhi,,
1565,Alice,06-03-23,F,10285711,saving,BR01,14368.20036,INR,610874,44399.19782,debit,08-28-23,6897,192525.3396,active,13.94523237,795,test@gmail.com,,,USA
1569,John ,09-19-23,M,99164252,current,,16240.86466,,469792,1474.527745,debit,11-23-20,6674,369803.9845,closed,6.842650762,354,,Delhi,MH,
1322,John ,03-10-23,M,67244528,,BR01,35604.24099,,181494,26925.7349,DR,11-04-21,7268,208819.5029,,7.13060551,421,invalid,,,
1871,Sneha,04-16-21,M,27353135,CUR,,370.7715901,USD,844265,14342.86545,credit,05-05-22,5272,368325.9376,active,7.710629901,748,,Delhi,MH,
1685,NULL,05-22-22,M,24689949,SAV,BR02,36768.3113,INR,701513,-7535.058103,DR,03-16-20,6177,56782.27049,,8.042463115,271,,Mumbai,DL,USA
1791,Bob,09-20-23,,97217186,,BR01,48729.28195,INR,182867,10837.30846,DR,11-10-23,6272,403005.8552,,10.14479642,536,,Mumbai,,India
1625,NULL,08-12-20,M,86350218,SAV,BR02,45745.89992,,268600,5913.71135,CR,08-01-21,5278,126603.7408,,12.1345736,640,,Mumbai,,USA
1287,NULL,05-29-20,,43976813,saving,,35192.33054,USD,879957,31165.46924,,12-22-20,8511,124464.4939,active,14.26208174,866,test@gmail.com,Pune,,
1942,NULL,10-22-23,,61308081,saving,,83110.39385,INR,965404,46927.42986,debit,02-08-20,5815,295190.4826,,5.884375873,398,,Pune,,
1853,NULL,09-10-23,M,56597588,saving,,10259.3027,,558818,6082.831243,credit,11-03-22,5275,35059.02287,,14.54369362,521,,,MH,
1662,,05-19-22,Male,21059860,SAV,BR02,48098.1581,INR,982693,38687.95635,,09-29-21,6004,13148.86334,closed,14.21322967,548,,Pune,DL,USA
1961,,12-23-22,Female,14900164,,,1514.34878,USD,715036,-6678.410984,,09-10-23,7561,130514.3326,,5.539992922,421,,Delhi,,India
1638,Sneha,08-04-21,F,19909551,saving,BR01,2471.346282,USD,354265,22287.2606,credit,10-19-20,8159,269033.7754,active,8.603211377,296,invalid,Delhi,,India
1154,Alice,07-30-22,,91061139,,BR01,55255.91422,USD,619493,-5766.996177,,03-10-20,8870,453808.1931,active,13.1314339,875,invalid,,DL,
1489,John ,02-20-22,Female,16336356,SAV,,54431.93461,INR,264404,46041.97947,CR,06-12-23,5922,423217.5882,active,11.11576545,456,invalid,,DL,India
1385,NULL,06-04-22,Male,32456258,,BR02,87193.51885,,753817,35981.07683,,04-03-21,5641,245223.23,,12.79093943,702,test@gmail.com,Mumbai,DL,USA
1985,Sneha,12-12-20,F,94287147,SAV,BR02,53576.73594,INR,584353,29476.99467,CR,06-24-21,5504,18525.99685,,12.19033339,644,,Pune,DL,USA
1784,Alice,05-26-22,F,90813044,SAV,BR01,95778.05714,,364395,39433.7829,debit,06-28-20,7637,267626.3673,closed,9.967701131,550,test@gmail.com,Mumbai,DL,India
1103,John ,09-09-21,,10460796,CUR,,112.959082,USD,985540,28851.18773,debit,05-04-23,5771,352397.8,active,5.41218046,425,test@gmail.com,Pune,,
1928,Rahul,11-10-20,M,24503356,SAV,,5290.806902,,782387,48136.66383,DR,08-15-22,6264,169582.2663,,10.84268202,359,,Pune,MH,
1392,Bob,01-13-22,Male,15994376,SAV,BR01,-373.0845351,,197382,32837.47687,CR,12-29-21,8724,55531.65164,closed,5.485666531,451,invalid,,MH,USA
1810,,08-27-22,,65620931,current,BR01,14454.06929,USD,579767,45479.51657,debit,03-12-23,7787,139283.9766,active,11.03726718,417,,Mumbai,,India
1245,Rahul,04-04-21,Male,82098768,saving,BR02,51833.36165,USD,109583,21027.91352,,09-11-20,7722,385794.4322,closed,13.00410862,863,,Mumbai,DL,USA
1175,John ,01-25-21,M,19392609,CUR,,62785.07905,,674675,-2976.135221,credit,02-06-24,6259,175621.9161,closed,10.84991749,335,invalid,Pune,,USA
1038,Rahul,04-25-21,M,27089239,CUR,BR01,-213.5584154,,385248,21690.66329,credit,04-06-20,6013,405990.7453,,14.97021805,300,,Pune,,
1476,Bob,12-05-20,,88703071,CUR,BR01,94326.94343,USD,636512,-2387.630316,CR,04-09-22,5127,159760.7259,closed,9.558665002,361,test@gmail.com,,,USA
1681,Sneha,08-06-22,M,49824448,current,,83427.36455,,947056,25549.60875,DR,06-29-21,7550,81777.51921,active,12.48827464,712,,Delhi,DL,
1758,John ,03-19-20,Female,84931500,SAV,BR01,26144.31063,,549274,18949.58363,,08-22-23,6223,217924.1798,,11.67213292,691,invalid,Mumbai,MH,India
1537,Rahul,08-14-20,F,39851990,saving,BR01,3104.690674,,990752,27354.52387,CR,07-14-23,7949,226137.2561,,14.91431692,520,,Mumbai,DL,India
1866,,01-25-20,,94641191,,,12838.14269,USD,327444,-9397.181137,credit,08-23-23,7590,8054.109275,,12.13219005,826,test@gmail.com,,,
1817,,01-22-22,Male,29097931,SAV,BR02,8329.163444,INR,440716,1690.429499,CR,10-17-22,6525,58522.53635,,6.640307315,593,,,DL,
1920,Alice,08-25-22,Female,29012021,current,,7944.796826,INR,971901,19479.82591,,06-26-20,6673,92463.00939,,14.55517706,432,,Mumbai,MH,
1407,Rahul,07-08-22,,63789198,SAV,BR02,49448.97731,USD,964360,47030.2137,debit,12-17-21,5491,56793.65869,closed,11.67777226,752,test@gmail.com,Mumbai,MH,
1524,NULL,08-26-23,M,45104616,SAV,,20813.98146,,566690,13016.54242,,05-25-21,8092,170763.0377,active,5.593382308,259,,Pune,,USA
1827,Rahul,07-15-21,M,85261977,current,BR01,32604.67024,USD,366285,15462.32156,debit,07-29-21,6257,482311.4278,closed,11.57568306,743,,Delhi,,USA
1505,Sneha,04-04-22,M,46827955,CUR,,98898.06001,,778710,32881.76534,debit,10-05-20,7761,254611.2692,,13.83119407,483,,Mumbai,DL,
1902,John ,07-23-21,M,35254492,CUR,BR02,66852.99614,INR,568298,26227.56544,debit,07-15-23,7838,313778.0119,active,10.77041862,547,,,DL,India
1824,John ,07-05-21,Male,71555093,saving,,94642.97004,,957303,7935.569006,CR,08-20-23,6666,178193.2393,,8.54019638,493,invalid,Pune,,
1035,Sneha,11-08-21,Female,67293031,saving,,9968.438278,USD,236149,14648.98373,credit,05-06-22,5415,161743.8808,,13.20909634,758,,Pune,,
1684,Rahul,03-10-23,F,55562388,CUR,,35124.64486,USD,670303,3061.987931,CR,08-29-23,7195,11573.38596,,12.82512008,600,,,,India
1019,Sneha,02-10-21,Male,37090738,,BR02,53246.83934,,271929,47961.28755,credit,06-09-20,5969,250166.8278,closed,10.44182154,516,,,,India
1320,Bob,07-30-23,Male,43269285,SAV,,3059.596498,,856556,-2161.937107,,11-11-22,7076,241804.5034,active,6.543617699,879,invalid,Pune,DL,India
1775,Sneha,05-31-22,F,42436728,,,-4560.318419,,290912,12310.20707,DR,09-16-21,6384,78915.36309,active,7.509864855,450,,,,
1511,,12-18-23,F,74999068,SAV,BR01,65395.60505,,946334,-8449.661667,,02-06-23,5307,382162.0001,active,12.38483972,488,,Pune,,USA
1399,Sneha,07-17-23,M,72730418,CUR,,62391.04926,,105577,3306.769516,CR,07-22-21,8954,246337.1652,closed,13.06082165,583,,,DL,USA
1653,John ,04-11-20,Male,90244867,saving,BR01,38132.82505,USD,906434,36828.2683,CR,07-10-22,7209,169496.9851,,7.79265278,664,,Pune,MH,
1971,,08-19-21,,96656822,saving,BR01,46412.62798,,150711,2070.513937,credit,08-28-20,7916,73454.45451,closed,8.679850772,733,,Mumbai,,
1882,John ,03-15-21,F,63102022,,,38621.51506,INR,663739,-5196.195848,CR,11-02-22,7899,276080.4135,closed,5.776318852,686,,Mumbai,,
1470,Alice,03-27-21,F,38748123,saving,BR01,-2479.470291,,593027,18467.19079,debit,10-02-22,5060,376408.513,,12.13461948,495,invalid,,DL,
1142,NULL,08-28-21,Female,54988955,CUR,BR01,30214.01865,,804463,-9401.845916,CR,09-02-22,7172,140999.6763,active,5.035775446,257,test@gmail.com,Delhi,DL,USA
1091,John ,05-26-22,,76290435,,,13593.63682,INR,521863,-4914.030734,credit,01-18-20,6479,109397.1758,active,5.465415212,401,,Mumbai,,
1353,,05-24-22,,50850837,SAV,,5334.539856,INR,659119,38457.55217,credit,08-01-23,8142,260967.482,,5.043440678,641,test@gmail.com,Pune,,
1833,Alice,08-16-22,F,33623755,saving,BR02,95455.64556,INR,349402,36288.40069,debit,08-25-22,7885,77671.65126,,11.45319583,460,test@gmail.com,Delhi,DL,
1799,John ,11-02-21,M,91248172,current,BR02,57932.77113,,855664,44908.32922,credit,05-16-23,6930,333306.6933,,9.173871277,616,,Pune,,
1726,Bob,07-15-22,Female,18659522,saving,BR02,71508.90984,USD,982930,41270.92615,DR,04-25-20,8947,302671.814,active,7.975467613,819,,Pune,MH,USA
1958,Sneha,11-30-20,,64441451,SAV,,28113.19304,,344942,30990.53379,,11-01-23,7513,43541.0248,,14.1270101,335,,Mumbai,DL,USA
1853,NULL,09-13-21,F,65967937,,BR01,36280.4486,INR,195119,-6860.028562,CR,04-07-22,7290,18260.18969,,6.928027947,304,,,,
1050,John ,05-26-23,,39639841,SAV,BR02,19877.01936,INR,953262,36970.91708,DR,09-30-20,6513,310144.3263,active,8.893680104,883,test@gmail.com,,,India
1664,Alice,01-20-24,Female,27811802,current,,5181.395451,INR,442776,40730.64865,CR,07-11-22,8832,147146.887,closed,14.40311801,695,,Pune,DL,India
1697,Bob,12-30-21,Female,74812392,CUR,BR01,13798.32193,USD,923265,37944.92875,DR,04-27-23,8292,43222.87659,,9.271065628,869,,Mumbai,,
1574,Rahul,03-20-22,Male,36912512,saving,,78738.97476,USD,867754,20508.74212,CR,04-28-22,5472,379714.3525,active,10.54693686,553,invalid,Pune,MH,USA
1189,Alice,03-01-23,F,91428039,,BR02,66142.30954,,848224,3974.110319,debit,11-13-22,5958,157022.0015,,5.803368666,381,,Delhi,,India
1124,Sneha,08-12-23,Female,49101526,CUR,BR01,52427.53198,USD,910830,40719.79854,credit,04-06-23,5532,229799.7748,,12.90166387,670,,Pune,MH,USA
1149,Alice,09-23-23,Male,13100581,SAV,BR02,44884.43665,,685842,33629.76858,credit,07-14-23,5493,118406.4637,,9.227587771,634,,Mumbai,,India
1313,Bob,01-25-20,Male,46216069,,BR02,91855.59978,,150755,48845.67046,debit,12-12-23,7946,313658.5392,active,13.00515125,447,,Pune,,
1569,Alice,09-28-20,,80781141,CUR,BR02,2637.169517,,253412,-658.4441346,DR,07-20-21,5081,150744.2077,,7.537976426,296,,Mumbai,MH,
1341,Bob,01-02-23,,28861720,,BR01,24463.08539,,951426,3539.874983,,05-02-23,7903,484010.4806,,9.224787506,452,test@gmail.com,,,
1304,John ,11-25-23,Male,22545745,current,,31743.47462,,688172,2707.888993,DR,05-22-20,5878,351473.7743,,12.86548936,510,test@gmail.com,Mumbai,,USA
1691,Bob,07-01-22,,87752208,current,BR01,77154.71028,,970793,37552.38606,credit,02-10-20,6545,68361.13819,,14.73877767,273,test@gmail.com,Delhi,,USA
1681,Bob,09-29-20,Female,46575804,saving,BR02,99214.03512,,641770,1214.437787,,09-03-21,7970,208347.4198,,5.596255244,589,,Mumbai,DL,India
1837,NULL,04-16-21,M,26077579,saving,BR01,20270.40405,,154225,-6000.410211,CR,11-25-22,5011,192710.5499,,13.12456177,661,invalid,Delhi,,
1782,Bob,05-23-22,Female,54331269,current,,86802.27008,,289921,49913.6484,,10-06-22,6286,267123.5554,,8.006890676,510,,Delhi,,India
1053,Bob,08-15-21,Male,71842137,,,82215.38985,,699142,-8510.967313,DR,10-01-23,8728,420965.3372,closed,10.50743281,535,,Pune,DL,
1443,Rahul,11-01-21,Male,14854042,current,BR01,18589.02675,,665544,40114.64361,debit,08-14-20,5448,291711.0076,closed,7.90092265,762,invalid,Delhi,,
1612,John ,09-30-23,Female,74528007,saving,,36929.92092,INR,340617,11922.01049,CR,03-11-22,8263,30778.3388,,11.13445473,335,,Mumbai,DL,USA
1992,Sneha,08-27-21,,96357458,current,,38015.65128,USD,208721,40496.92759,DR,04-14-22,5761,327707.8484,,8.538028306,679,invalid,,,
1263,NULL,06-01-23,,13830121,current,,97713.1702,INR,705398,23277.22947,CR,03-25-20,8185,4132.648973,active,8.33614891,830,,Mumbai,,
1052,Rahul,04-24-20,Male,21951552,,,13993.64964,,213606,44097.87377,,02-03-20,5025,389980.2303,,5.379383129,280,,,,USA
1571,,06-10-22,F,65685560,CUR,BR01,78911.58697,,638938,45571.57918,credit,01-02-20,6806,333318.0362,,6.469604059,852,invalid,Delhi,DL,
1619,John ,02-06-24,,90947292,saving,,30090.23499,,277190,-9454.109123,DR,06-24-20,8570,154392.8292,closed,14.17078199,689,invalid,Pune,,USA
1004,John ,07-18-23,Female,28130540,,BR02,71741.38631,USD,128930,-5475.26944,debit,08-05-22,7555,146220.9023,closed,14.98277429,598,invalid,Delhi,MH,India
1102,,04-03-22,,67084656,current,,39101.15545,INR,841067,5021.523774,,09-15-20,6568,399136.4983,closed,12.80520576,661,invalid,Delhi,,
1195,Sneha,06-04-20,Female,46926887,current,,55727.77513,INR,360102,30158.92498,DR,04-27-20,5061,391668.346,,7.868126248,777,invalid,,,
1773,Bob,10-30-22,Male,14268173,CUR,BR01,82424.2362,,462544,43296.33179,debit,06-28-23,5228,176151.1772,,9.024451384,559,invalid,Mumbai,MH,
1876,Rahul,11-09-22,,83143586,saving,,79437.38432,INR,373945,17596.51708,DR,08-30-20,6838,149473.864,,12.39503455,645,invalid,Pune,MH,India
1991,Alice,10-23-23,Female,52812847,saving,,85974.43427,INR,675648,26418.38698,,01-17-21,5606,279912.3944,,14.68513557,587,invalid,Pune,DL,India
1883,NULL,09-15-22,Male,33787347,SAV,,1259.819161,,974340,1309.991168,DR,05-30-21,6058,4182.829992,active,9.554711707,686,,Pune,MH,
1349,Alice,03-22-22,F,93719991,saving,BR02,67665.30807,INR,247631,38298.01003,CR,02-05-21,6728,41333.51899,,13.29522415,614,invalid,Pune,MH,
1046,,05-17-21,Female,81178892,CUR,BR01,9698.674556,INR,394478,48039.68668,,07-19-22,6479,63084.79507,,14.75068923,362,invalid,Mumbai,DL,USA
1866,John ,09-30-23,F,34728252,SAV,BR01,38660.94964,INR,336545,6115.935975,DR,12-09-22,8659,92705.90891,closed,13.73473171,425,,Pune,,USA
1822,Sneha,07-18-23,F,33647205,SAV,,52601.78358,,113288,19689.5571,credit,06-27-23,7938,256009.0633,closed,7.271497468,398,,,,
1935,John ,03-19-22,M,54607536,current,BR01,37287.6459,,777758,-4833.03337,DR,08-21-22,6525,496120.9574,closed,5.080318639,427,test@gmail.com,,,USA
1819,NULL,03-22-20,,42916781,current,BR02,49559.22596,,307302,23548.19939,CR,03-30-23,5760,326306.7009,closed,9.920817054,631,test@gmail.com,Pune,MH,India
1655,John ,03-21-22,Female,88369648,saving,,99635.26242,INR,898623,20167.00651,debit,10-14-20,5594,30649.39722,closed,10.31360832,472,invalid,Pune,,
1268,John ,11-11-20,F,11369277,SAV,BR01,9197.81794,,380195,-1333.810951,debit,11-20-23,8096,262789.687,active,7.012503646,508,invalid,Mumbai,,USA
1369,NULL,10-25-23,M,99408647,current,,65922.88476,,161715,16523.97279,debit,06-04-21,6592,248322.6062,active,7.846743919,438,test@gmail.com,Mumbai,,
1635,Rahul,08-16-20,Male,33499306,CUR,,36580.10147,,110737,10046.27913,credit,01-15-20,6055,72083.90791,active,12.65153161,555,test@gmail.com,Pune,MH,USA
1105,Rahul,01-26-21,Female,10749971,current,,8966.028885,USD,689428,21309.85252,CR,09-14-22,6854,460136.1844,closed,9.703472587,627,,Mumbai,,
1669,NULL,12-09-22,F,71313915,current,BR02,11667.36015,INR,780611,25139.26013,,01-18-22,8083,220382.6238,,8.173540836,851,,Delhi,,USA
1658,Sneha,10-20-20,,25711072,SAV,,94673.67616,,282047,-9490.265284,debit,06-04-22,8390,497279.5703,closed,11.22626027,592,invalid,Pune,,
1656,,06-12-22,M,14460276,SAV,BR01,87358.15715,,367291,35660.35898,CR,05-26-20,8916,210036.1476,closed,11.52759756,405,,Mumbai,,
1119,John ,12-28-20,F,51011120,,,90239.40584,,674796,32780.85751,DR,10-15-20,8675,303978.8513,active,12.69395777,304,test@gmail.com,,,
1830,Sneha,05-27-23,,64407485,CUR,,99110.94146,,414368,11977.18317,credit,01-05-23,7048,52381.26823,closed,6.567092958,691,invalid,Pune,MH,
1786,John ,06-30-23,F,62565354,SAV,,16873.11595,,381787,-6823.843866,CR,03-13-23,6458,227113.9119,active,12.41517252,449,,Pune,DL,
1603,,10-10-22,Female,66426293,saving,BR01,32321.13042,INR,401111,35295.95239,CR,10-11-20,6861,119382.947,closed,10.99428392,652,,,,
1057,Rahul,11-22-21,Female,27962327,CUR,BR01,65267.99814,USD,203535,47310.50963,,03-27-20,6159,417782.3993,,5.575718653,863,test@gmail.com,,,
1950,Sneha,11-17-23,Female,24226224,CUR,BR02,45799.26669,INR,927165,4409.095761,CR,01-24-24,6219,391959.7924,,12.77445628,872,,Mumbai,,India
1345,Bob,05-09-22,M,34509968,SAV,BR01,38930.901,,396952,9411.476824,,12-12-23,5132,412089.9998,,8.830802813,852,,,,
1740,Bob,03-21-22,Female,96278999,CUR,BR01,32570.18118,,612438,1028.773369,credit,12-14-20,5085,361804.7189,active,8.303809343,426,,Delhi,,
1473,Bob,04-24-20,,11500948,SAV,,57346.96635,USD,822648,24616.1674,credit,05-26-21,6499,416341.6118,,9.480751516,698,,Pune,MH,USA
1116,Rahul,12-30-22,F,16327090,current,,55437.31001,INR,683247,-709.5163212,DR,10-23-22,6830,100414.3751,,8.461750773,790,,Delhi,DL,
1829,Rahul,12-29-21,Male,30885050,,,11953.07258,,495065,11371.63661,,06-25-23,8862,226021.8883,active,8.382855922,550,,Mumbai,,USA
1790,,06-29-23,,41834022,current,BR02,44532.68294,,430322,31820.78084,,09-16-22,8395,345923.44,closed,13.08077668,556,,,MH,USA
1126,John ,05-21-23,,62740278,SAV,,53114.5365,INR,822496,23606.95898,debit,10-13-21,6203,318696.249,closed,6.245052544,516,invalid,Pune,,
1392,,02-28-23,Female,92335423,SAV,BR01,54880.12857,,291812,13187.75386,debit,08-15-21,7563,358177.2414,,14.70600068,463,invalid,,,
1907,,04-22-20,M,73388426,current,,17061.25526,INR,212255,15214.97611,DR,05-13-23,8709,112129.1916,,10.54931644,843,test@gmail.com,,,India
1640,Rahul,11-26-21,F,68426861,saving,,72938.49619,,710610,23726.65296,credit,11-15-20,5174,49217.35452,closed,6.829239984,889,,Mumbai,MH,
1057,Bob,01-08-21,M,66251274,saving,BR02,-2354.095044,INR,930997,-9648.116327,debit,12-23-22,7810,458403.289,active,6.312154829,732,,Mumbai,,
1633,Alice,03-05-22,F,37870540,saving,BR02,32257.34483,USD,608522,-5289.407893,CR,11-01-21,8092,280085.9478,closed,10.91509532,511,,Mumbai,,
1512,John ,02-09-22,F,48456876,SAV,,76922.3281,,101132,42875.48407,credit,04-28-23,8044,76912.96225,closed,11.32999444,316,,Mumbai,MH,USA
1750,Rahul,04-20-23,M,94078592,CUR,,54208.75671,USD,793619,-5327.260655,CR,11-15-23,6975,396718.2909,,5.53025771,823,,Pune,,
1801,Bob,04-09-22,,73876263,SAV,,22422.05541,,851972,32408.21577,,02-14-20,8176,457464.9683,,7.430019141,382,,Delhi,,
1095,Sneha,05-16-23,F,76907755,CUR,,67970.07753,,950100,45202.28985,credit,06-12-23,5577,84781.75929,active,12.95461921,898,,Delhi,DL,USA
1637,Alice,09-28-21,M,57718418,current,,54576.04914,,359427,6241.016258,DR,02-19-23,8514,408706.2276,,5.496246277,789,test@gmail.com,Pune,MH,
1117,Alice,07-06-22,F,30491595,,BR01,78605.57899,INR,531779,12229.48622,,04-06-20,6798,466612.5307,,13.55088664,761,invalid,,MH,
1559,Rahul,01-26-24,Male,41175239,CUR,BR01,72177.64455,USD,585443,24135.28435,,06-01-23,7096,469180.8001,closed,11.58162477,460,,Pune,,
1600,NULL,10-11-21,,15845447,saving,,59061.33181,USD,733123,42902.53818,CR,05-31-21,7575,457078.2308,active,9.344232594,502,,Delhi,,
1487,John ,02-12-22,Female,73105980,SAV,BR02,46258.65591,USD,242003,46514.33524,,06-30-23,5144,273210.5062,,8.46432849,287,invalid,Delhi,MH,
1236,Alice,05-13-21,F,45103852,current,BR01,8984.123195,INR,882516,34373.79489,debit,05-24-22,8411,178105.6586,,5.192489638,292,test@gmail.com,Pune,MH,India
1884,Rahul,09-26-20,Male,70796171,saving,BR01,22439.96688,,697457,-4802.814349,credit,06-02-23,5761,3636.403847,closed,13.25214946,878,,Mumbai,,
1896,Rahul,01-06-23,Female,88846396,current,BR01,39005.44466,USD,360529,30149.24933,debit,03-13-21,8926,30456.11344,active,6.42721854,654,,,MH,India
1271,Bob,06-27-22,Female,76475936,,,57926.42514,INR,543855,14618.22331,CR,08-25-20,6377,214419.5076,,8.095419919,295,invalid,Pune,,USA
1188,Sneha,12-10-21,F,58491820,SAV,,48939.3248,,353608,18242.05997,CR,02-05-22,8146,199663.0732,,10.6910698,703,,Delhi,,
1998,NULL,04-23-23,M,85421798,SAV,,25259.37523,USD,858673,-7051.096579,credit,03-07-21,6825,92356.95478,,7.459926001,554,,Mumbai,DL,
1703,John ,10-19-20,F,81009243,,BR02,-4321.242432,USD,814261,1463.728361,,11-25-22,5928,197740.014,closed,9.971404638,482,invalid,,DL,India
1446,,04-23-23,Male,47358841,SAV,BR02,47105.1183,,724705,37430.81645,DR,05-29-21,5793,87325.03273,closed,13.09342829,494,invalid,Delhi,,
1580,Sneha,05-17-20,Female,21353540,CUR,BR02,24990.7288,USD,625332,17237.52998,CR,02-11-23,6601,424395.6264,closed,9.705379348,544,,,,USA
1789,Sneha,02-20-22,F,16722055,current,BR02,72133.87157,USD,277763,8099.734498,credit,04-03-22,6660,149097.4389,closed,14.48977344,632,test@gmail.com,Mumbai,,
1860,Bob,03-07-23,M,92164888,saving,BR01,-2485.642147,,331807,13041.14444,DR,05-10-21,5318,299282.1751,,13.4750062,407,test@gmail.com,Delhi,,
1246,Alice,12-26-20,F,58968538,,BR01,56406.92019,INR,124363,41263.9708,,01-01-23,6110,251421.531,active,8.330392354,654,test@gmail.com,Mumbai,MH,India
1962,Alice,07-23-23,,19035949,CUR,,93854.79494,INR,408838,34939.94104,CR,02-01-24,6576,25941.0388,closed,8.999621246,250,test@gmail.com,Pune,,
1075,Bob,03-22-23,M,95407062,saving,,13312.97305,,494798,6338.923831,credit,02-07-24,5697,471116.8597,closed,9.23326727,466,invalid,Pune,MH,India
1153,Rahul,08-22-21,Male,42672748,saving,BR02,44523.19653,,907733,-2949.889587,credit,09-28-21,8937,263612.9891,,11.26179453,756,invalid,,,
1655,Alice,01-24-23,Female,83390510,,,4599.309141,INR,436473,5119.893299,credit,01-01-20,8963,162528.8217,closed,7.867957292,830,,Mumbai,DL,
1434,NULL,10-27-20,F,49980720,CUR,BR01,60696.60079,,101620,45245.38706,CR,03-22-20,5846,79063.28482,closed,14.69249139,279,test@gmail.com,Mumbai,,
1996,John ,10-05-21,M,53144878,saving,BR01,52805.82646,INR,424368,24895.33027,DR,10-29-20,6801,169263.3174,active,11.08684221,876,test@gmail.com,,,USA
1085,Sneha,01-24-21,,38751505,saving,,37773.38004,,549871,22008.81252,credit,05-25-23,5782,10255.80151,,8.994016587,769,,,,USA
1696,Sneha,03-08-21,M,99067457,CUR,,49744.58725,,195419,25783.61598,,09-11-22,7089,181779.0777,closed,11.45009815,524,,,,
1284,NULL,12-15-22,,48835523,SAV,,89140.33914,USD,792894,11961.69594,credit,04-09-22,6116,265742.9637,,8.954050105,741,,Pune,MH,India
1973,Alice,01-04-20,Male,47962717,saving,,15610.90174,,596712,38426.42122,DR,10-12-22,8768,435933.1229,active,13.17795681,285,,,MH,
1219,Sneha,01-15-20,Female,92054816,current,BR01,-2630.726271,INR,826989,21397.17496,CR,08-12-20,6750,343687.2088,,10.67840961,560,,Pune,MH,
1068,,05-24-21,Male,90472702,CUR,BR01,85474.81289,,942288,-2995.125834,credit,08-17-22,8578,55791.15657,active,5.419705034,293,,,DL,
1046,John ,09-30-21,F,37550115,saving,,55597.29365,USD,280324,-2256.09251,credit,04-08-21,7576,73873.16222,active,6.767568674,404,,Mumbai,DL,
1093,John ,10-24-20,M,21044590,,BR02,88519.13782,,417953,22211.54879,,02-13-22,8336,214061.6839,closed,13.64993973,326,test@gmail.com,Mumbai,,
1749,Sneha,07-26-22,,64536603,current,,57679.24846,INR,646547,46194.21308,,03-25-22,6649,97853.87582,closed,10.62899826,839,invalid,,,
1957,Bob,05-17-21,,88742439,saving,,80066.91445,INR,120655,8501.127301,credit,05-30-22,5291,13924.88879,closed,14.50343477,862,test@gmail.com,,,India
1452,Sneha,12-04-23,M,15059667,current,,40115.70315,,550400,42172.47013,credit,07-24-20,5968,402507.4401,,5.724223129,687,invalid,Pune,,
1203,Bob,04-12-20,M,46540128,current,,73735.29279,USD,121602,35845.73519,,09-24-20,6487,9761.285349,,7.952606301,681,invalid,Delhi,MH,
1911,Sneha,02-09-23,F,85935097,SAV,,90869.35402,,972377,4868.746574,DR,04-21-20,8875,415344.8026,,6.935433732,791,,Pune,DL,USA
1217,,07-17-21,Male,46855538,current,,55072.91119,USD,766470,-7819.555101,debit,08-18-23,8631,72051.98152,closed,10.53840292,288,,Mumbai,,India
1473,Rahul,11-25-22,,57336078,SAV,BR01,13982.44081,,987278,-3889.164091,debit,09-27-21,6842,487339.2054,,8.827928311,488,,,,
1431,John ,10-26-20,F,28149286,CUR,BR02,23223.74958,USD,442962,33709.63603,credit,11-18-21,5096,301936.9559,closed,6.572735341,262,test@gmail.com,Mumbai,MH,
1340,Sneha,10-16-22,Male,37596545,SAV,,15857.68057,,625825,1980.184282,,12-13-21,8958,367491.4858,,11.42751914,371,test@gmail.com,Delhi,MH,
1550,,03-05-22,F,62925374,,,20919.9879,,510354,12276.25523,CR,06-13-21,6118,55241.81398,,10.36298366,393,invalid,Pune,DL,India
1611,Bob,04-12-20,,88039489,saving,BR02,27173.62218,USD,880498,20101.94996,CR,05-28-23,8397,431052.0367,active,7.747362513,704,,Mumbai,DL,
1288,Bob,06-26-20,M,66002354,CUR,,53289.04761,,801562,33528.09011,debit,10-11-21,5073,419596.1714,closed,9.797713578,617,,Pune,,USA
1253,John ,11-07-22,M,31227468,CUR,BR02,56739.12109,,271236,-3206.126604,DR,04-17-22,6359,326496.3658,closed,12.45738315,496,test@gmail.com,,,USA
1733,NULL,07-19-22,Male,53513097,,BR02,39782.47346,,189743,14381.98432,debit,11-21-23,6091,251137.4323,,7.052716746,294,,Mumbai,MH,USA
1356,Sneha,05-06-23,Female,19249677,SAV,,59619.18188,INR,547875,19104.37455,credit,11-03-22,5757,360744.5866,closed,7.929057467,624,,Delhi,MH,
1022,Alice,01-29-24,Male,57657169,saving,BR01,3565.367189,,186155,22449.62384,DR,04-26-23,6941,2964.107668,,8.461109871,540,,Pune,,India
1761,Bob,11-18-21,Female,69576882,SAV,,4217.764891,,189846,39101.63848,CR,11-20-22,8148,296220.3777,closed,12.46726437,456,test@gmail.com,Pune,MH,USA
1521,Rahul,12-03-23,F,40223477,current,,13042.09334,USD,858795,300.6917026,,11-25-20,5207,423703.0675,active,13.469226,768,test@gmail.com,Delhi,,
1757,Rahul,06-22-20,F,90846200,SAV,,49398.13729,,392706,38469.88711,,09-14-20,8955,178449.9436,closed,8.763884964,491,,Mumbai,DL,
1836,Bob,09-05-22,,76994946,CUR,BR02,17469.44126,INR,914468,31572.70566,credit,09-18-21,8837,54144.67824,active,7.966208618,871,,Mumbai,,
1099,NULL,12-29-22,Female,32432851,saving,BR02,24744.86237,,816112,23352.24885,debit,11-02-21,6244,210438.6249,,13.89446758,363,test@gmail.com,Pune,,
1801,NULL,11-25-22,,65306693,SAV,BR01,37032.8478,INR,960665,31971.67222,credit,10-10-23,6285,363552.2245,closed,14.99364932,551,invalid,Delhi,,India
1179,,06-18-23,M,26938661,saving,,80245.94302,INR,707337,14721.06434,,01-27-20,5409,53650.60519,closed,11.7035364,525,test@gmail.com,Pune,DL,India
1222,Rahul,04-21-21,Female,80943106,saving,,-3544.475729,INR,339647,-1696.144842,CR,03-14-20,7378,103024.2801,closed,14.89980615,345,,Pune,,USA
1905,,09-06-23,Male,21671439,current,BR02,63184.77612,USD,430825,29945.91442,,03-25-23,7391,73775.92341,active,11.59966278,543,invalid,,,India
1761,Rahul,03-21-20,M,83603367,current,BR01,65232.03576,,389962,21480.3384,DR,03-22-20,8036,398473.8778,closed,12.33460272,609,test@gmail.com,Mumbai,,
1658,Sneha,01-10-24,M,42266497,CUR,,78858.85694,,948964,28362.48803,,10-10-21,5770,31446.31123,closed,8.886560015,537,,Mumbai,,
1441,Sneha,10-29-20,Male,60279504,,BR02,92939.0586,USD,419849,10279.92686,,12-02-20,6843,343293.2511,,9.32967547,403,,,DL,
1607,Alice,07-29-21,M,41707048,saving,,-2885.52586,,644392,44411.99464,DR,10-19-22,5073,183228.4604,,6.44135664,819,test@gmail.com,Mumbai,,
1768,Sneha,07-08-20,Female,77792893,,BR01,11147.28908,INR,486480,25242.19211,debit,07-09-21,6660,377895.6214,active,13.22750015,672,,Mumbai,,India
1324,Alice,01-15-22,,15337355,CUR,BR01,88047.98588,,752192,-4875.850943,,01-21-22,8771,482191.7094,,14.31059031,299,,Mumbai,,
1515,Sneha,08-11-20,M,69230626,saving,,43144.44903,USD,956035,16988.23944,credit,04-17-22,5253,57272.64979,active,11.23438134,456,invalid,Delhi,,USA
1015,John ,05-12-23,Female,58761066,saving,,54282.01709,INR,726787,35381.36328,,10-23-20,8006,157192.5205,,8.436473084,813,,,MH,
1791,Sneha,11-17-23,F,84090304,,,64617.85639,USD,945457,37648.0737,credit,04-17-20,8904,405062.7139,,6.540163254,814,test@gmail.com,Pune,DL,
1335,,08-02-20,Female,73135532,SAV,BR02,66301.99347,,851624,19675.82317,DR,01-20-21,5819,133079.193,,7.651562297,462,,Delhi,DL,India
1758,Bob,02-01-23,,63640153,current,,92832.74235,INR,918749,43684.85425,,10-24-21,8818,107560.2985,active,7.554104209,315,test@gmail.com,Pune,,
1257,,01-07-23,Female,26684388,SAV,BR02,99679.68883,INR,524632,6060.106232,DR,04-24-21,5985,412688.9889,closed,11.13527884,481,test@gmail.com,,,
1496,Bob,04-17-20,Male,54768534,,,70616.5334,,273084,14635.92183,DR,08-10-21,8833,493541.182,closed,14.45037465,569,,,MH,India
1987,NULL,01-06-20,,28138519,current,,25158.22697,INR,624156,43915.81463,debit,11-21-21,5331,278440.2951,,5.48271887,386,,,DL,India
1895,,10-24-23,F,30978981,SAV,BR02,87374.00224,USD,992017,43775.40299,,11-09-20,6421,139024.3742,active,5.010222996,896,test@gmail.com,Mumbai,MH,USA
1159,NULL,06-26-20,Male,17964443,current,,168.1960268,,561261,31142.76613,credit,05-07-22,8416,199282.9808,active,11.00181944,815,invalid,Delhi,DL,India
1474,Alice,11-16-21,Female,63225748,saving,,19263.48955,,776760,41538.83283,credit,10-21-22,8655,85065.16369,active,7.840604621,314,invalid,,,
1851,Alice,01-28-22,,31444021,SAV,,89225.50033,USD,410414,-4673.603983,,09-16-23,7794,380943.6394,,13.80548342,763,invalid,Pune,DL,USA
1663,John ,01-30-20,F,44751594,current,,21900.10902,,303141,41899.69857,debit,06-30-20,5835,386737.0089,closed,8.272503079,381,,Mumbai,DL,
1907,Sneha,10-19-23,Male,81797346,current,BR01,18168.36126,,743703,9237.194393,debit,01-12-20,6691,437560.4962,,7.897376005,583,test@gmail.com,Mumbai,DL,
1689,,09-18-22,F,74916908,current,BR02,9503.15578,,543049,699.8907457,debit,07-11-20,5454,13301.2818,,7.695106212,281,,Delhi,MH,
1674,NULL,08-17-20,Female,58465992,SAV,BR02,85206.73455,INR,294716,4362.190181,credit,04-02-22,6929,280990.6708,,6.448528273,747,,Delhi,MH,
1379,Bob,08-26-21,F,87277157,CUR,,47506.11722,USD,704494,15078.11048,DR,12-06-21,6138,107127.7172,closed,10.81530474,492,,Delhi,DL,
1544,Alice,01-22-23,M,43222265,SAV,,65863.78632,USD,431612,5071.520276,debit,09-25-22,5312,170441.5077,,6.682136023,441,,Mumbai,,
1928,Sneha,04-10-22,Male,48309051,,BR01,20101.97033,INR,290545,9234.055161,credit,09-22-21,6017,392477.8076,closed,9.246311598,391,test@gmail.com,,MH,
1956,Alice,02-17-22,F,42337259,SAV,,74594.24421,,531544,-1901.290836,credit,12-12-20,5227,96016.82618,,9.609720523,850,,Pune,,
1690,Bob,12-29-21,Female,83574241,current,,74800.58222,,530000,7770.605934,DR,01-26-24,7881,319170.8753,active,5.204920469,810,test@gmail.com,,,
1426,Sneha,07-15-20,Female,49683871,saving,,27822.79262,USD,123723,24337.02887,,05-03-21,5857,327283.0956,active,5.168072798,897,test@gmail.com,Pune,DL,India
1612,Sneha,06-10-23,F,52616258,SAV,,38121.67647,INR,947078,16511.22249,,07-15-23,6268,477046.9575,,10.20212689,440,test@gmail.com,,,India
1267,NULL,10-31-22,Female,64216898,SAV,,17017.47913,,821615,10803.12567,debit,11-12-20,7865,387580.4643,active,11.96034732,398,,Delhi,MH,
1834,NULL,11-17-22,,69323547,current,BR02,97538.90745,,624362,34787.12773,debit,09-09-21,8597,401817.5736,,14.42142482,848,test@gmail.com,Pune,,
1576,,05-10-23,,82010923,saving,,62788.27059,,879533,43610.59828,DR,11-17-22,6017,265800.3745,,6.791192842,665,,Mumbai,,
1416,,04-03-23,,54604238,saving,BR02,93127.10748,,388642,35407.35337,debit,12-31-23,7575,93390.40358,,6.032588094,769,,Pune,,
1167,Rahul,01-18-24,M,50162344,,,26855.48208,,820882,9920.042127,DR,10-03-21,5949,212781.6829,,5.520879069,265,,Mumbai,,India
1841,Rahul,03-25-23,F,32005782,SAV,,77098.54586,USD,721169,34666.53007,credit,09-11-21,5426,274744.7868,active,9.360415829,355,,,DL,
1042,John ,01-04-24,M,37345255,saving,BR01,75415.15761,USD,513757,-881.1890516,debit,05-02-20,7089,339209.6259,closed,11.23147367,532,,Delhi,,
1555,Alice,05-12-23,Female,72929994,saving,,67623.84345,USD,670217,-2180.920715,credit,08-31-23,5464,303854.5559,active,13.40553357,353,,Pune,DL,
1284,,09-20-22,M,94605487,CUR,,96392.0924,,223199,10737.62222,CR,09-16-23,6645,196988.9145,active,11.82644882,610,invalid,Mumbai,,
1396,NULL,07-30-21,Female,62869791,CUR,,36323.31029,USD,331525,38462.14214,DR,05-25-20,5277,132656.5535,closed,7.083607891,284,,,MH,India
1011,Bob,03-11-21,Female,41457080,saving,,8725.318977,INR,388172,4780.894835,CR,08-14-22,7883,84115.4216,closed,9.617703664,362,,Delhi,,
1606,NULL,04-07-20,Male,87678179,,,65529.43022,USD,129545,-6204.795466,debit,07-03-20,5018,346922.6931,closed,14.10346346,557,,Delhi,MH,India
1301,Alice,05-20-20,,87198715,saving,,71577.52905,USD,703857,-2097.427888,credit,11-14-22,5065,322699.3372,closed,8.267410625,302,invalid,Delhi,,India
1897,Rahul,02-20-21,Female,13887008,current,,55381.36021,,131673,41524.69811,debit,01-02-23,5166,343686.2329,active,9.987303651,330,test@gmail.com,,DL,USA
1252,NULL,09-10-21,Male,60171169,SAV,BR02,16715.87878,USD,524190,28026.99708,CR,06-07-21,6608,186263.7264,,14.58565335,865,test@gmail.com,,MH,India
1498,John ,06-12-23,,55570487,,BR01,47967.87388,,552115,5192.069802,debit,02-10-20,8067,131203.9113,,12.34708006,618,test@gmail.com,,,USA
1753,Alice,01-10-21,Female,50279707,current,BR01,27779.92234,INR,516313,23317.74952,,03-09-22,5402,379860.6643,,12.47740386,491,,Delhi,MH,USA
1034,Rahul,01-02-24,Female,99079814,,,39883.98546,,988943,21654.77735,CR,10-24-20,8983,386823.6975,active,7.523340044,280,invalid,Pune,MH,
1726,Bob,02-25-20,M,85566275,current,BR02,62747.95046,INR,455288,29326.15871,debit,07-22-21,8893,227808.187,closed,9.146981183,610,,Mumbai,,USA
1848,Rahul,04-01-21,M,68104228,SAV,,73247.54798,,426968,3991.253265,credit,09-08-21,5408,305952.0424,,5.823421631,482,,,DL,
1089,Sneha,10-19-22,,74841271,SAV,BR02,19383.59254,,123525,41864.17923,debit,12-27-22,7159,186759.8321,,11.06525867,859,,Pune,,India
1775,John ,11-29-21,Female,61139392,CUR,,37559.16287,,682092,8562.113725,credit,05-05-21,8345,350973.6001,,6.037301645,283,,Mumbai,,
1604,Alice,04-19-22,F,19137344,current,BR02,23261.96495,USD,246115,31647.89924,,01-19-20,8478,417860.7983,active,13.35909582,492,,Delhi,DL,USA
1921,Bob,01-24-24,M,49275054,CUR,BR02,15856.31946,INR,666134,-9032.521218,debit,02-10-23,8444,344116.6387,active,13.14553787,308,,Pune,MH,
1969,John ,08-16-20,,84042569,current,BR02,77255.6581,,177261,12359.42779,,03-19-21,5596,256291.3134,active,10.33605101,778,invalid,Delhi,,India
1601,Rahul,02-14-21,Female,99431483,CUR,BR01,90471.53292,,857600,11102.58908,CR,07-31-21,7698,229328.9797,,6.411660332,327,,Mumbai,,
1417,John ,10-06-23,Female,26794513,SAV,BR02,33874.3795,,600827,22609.06571,credit,07-30-22,6062,321159.8255,,5.255789832,551,test@gmail.com,,,
1114,Alice,03-02-21,F,61120091,,,73884.28706,USD,284100,-5635.824293,CR,03-06-22,7152,339905.4458,,12.96708668,361,,Delhi,DL,USA
1616,,02-21-20,,38820898,CUR,,89184.50538,,915915,37407.88242,credit,06-06-23,5323,279364.7218,,11.00140483,662,invalid,Pune,,
1902,John ,09-19-23,Female,56705646,current,,83843.04211,,107265,3066.848106,,05-11-20,8864,312471.1376,closed,12.10929637,566,invalid,,MH,
1195,Sneha,07-21-23,M,49564766,current,BR02,14195.4058,,909195,30622.26889,DR,07-25-23,6982,48294.34125,,8.038071257,394,,Pune,DL,
1825,John ,09-20-20,F,54969434,SAV,,95410.64756,,306724,38192.72739,debit,02-16-21,8039,475882.7581,closed,10.09482738,897,test@gmail.com,Mumbai,,
1500,Rahul,09-16-20,,24512253,current,,34551.02625,,115733,23712.61737,,02-29-20,6437,395386.5319,active,12.47174171,267,test@gmail.com,Mumbai,DL,
1625,Rahul,09-28-20,F,19615754,saving,,30620.26942,,998628,34452.9924,credit,04-26-21,5428,186963.9349,,9.625633083,600,,,MH,India
1492,Bob,05-22-23,M,42254832,,BR01,1555.289364,,715326,29711.61873,credit,04-18-20,7682,281406.3055,,11.01384223,404,,Pune,,
1074,Rahul,01-28-23,,99638693,CUR,,46048.23368,,399564,11331.78783,credit,02-05-24,7777,23662.26507,active,12.89728262,755,test@gmail.com,Pune,,India
1412,NULL,06-06-23,F,24557759,,BR02,6446.429642,USD,764607,38531.51234,credit,06-20-22,7936,20613.907,,7.152206453,609,,Pune,,
1375,Alice,03-16-20,Male,61665220,SAV,,21096.6812,,558365,7682.082193,debit,07-14-21,6084,125399.1676,,5.659288894,581,invalid,Pune,MH,India
1419,Alice,01-11-24,M,99523105,CUR,,28278.97529,,121058,24272.77507,CR,06-01-20,6635,344850.8212,,10.31823511,777,invalid,Mumbai,,
1728,,01-03-24,M,86113335,CUR,BR01,79926.76397,INR,346301,34723.86435,DR,09-29-23,8378,426073.8739,active,5.621257707,261,invalid,Pune,MH,India
1276,,08-15-20,M,92832587,saving,,86926.30829,,397073,12737.35459,debit,06-07-20,6377,279592.94,closed,12.66557294,324,,Mumbai,MH,
1760,Alice,03-24-22,Male,80873920,SAV,,26758.96333,USD,262434,8166.056457,credit,06-15-23,5392,266066.3698,,12.19211448,461,,Pune,DL,
1675,Sneha,07-29-20,Male,59431582,current,,85163.30273,,710777,17560.76061,debit,04-23-21,7251,201154.7669,closed,13.81712671,890,,Pune,,India
1393,,04-07-21,Female,13325315,saving,BR01,85009.24842,INR,708952,39077.80966,,06-02-21,7305,80798.97798,,11.39562098,532,test@gmail.com,Delhi,MH,India
1868,Bob,03-16-21,F,57715952,saving,BR01,75288.34979,,802716,45795.30579,credit,10-27-22,7533,59177.05066,active,5.671975708,444,,Delhi,DL,USA
1456,Rahul,04-12-20,Female,76799468,,,10402.98697,INR,177597,22705.00477,DR,06-25-20,6540,380339.8806,,7.531521255,279,,Pune,MH,India
1919,Alice,08-19-20,F,24067121,,BR02,67483.89892,,892473,29687.97232,credit,08-23-21,5445,463751.7756,closed,13.07931845,258,,Mumbai,MH,USA
1191,,04-28-22,Male,82325956,,,94227.52678,,178209,44196.41733,DR,09-02-22,8780,229141.6082,,6.671324173,558,,Pune,MH,
1738,Alice,06-04-23,Male,51819037,saving,BR02,66666.75027,,882397,-4087.188915,DR,12-18-23,6203,329722.8294,active,11.98480468,694,invalid,Delhi,,USA
1688,NULL,10-25-20,Female,47375319,current,,29819.76916,,292941,3924.714672,CR,08-27-23,6023,457228.8254,,12.80259331,559,invalid,Pune,,
1098,John ,02-27-23,,33429562,CUR,,47560.82833,,776419,32534.00038,CR,10-02-20,5341,45056.81647,closed,8.301117979,675,test@gmail.com,Delhi,,India
1547,Rahul,02-07-21,Female,12846274,,BR02,62801.12955,USD,724152,39424.66771,debit,11-16-23,5132,385240.7266,active,8.222974734,840,invalid,Pune,DL,India
1977,Alice,12-10-23,F,56338604,current,,48609.89292,,248620,41421.7417,debit,12-12-21,7490,308408.4422,closed,10.57802681,340,,,,USA
1998,John ,04-22-21,Female,49542531,SAV,,7595.058882,USD,508294,14906.43061,DR,11-16-23,6859,299318.5894,,13.61286333,705,test@gmail.com,Pune,DL,
1095,,12-19-21,M,33846553,,,27766.72469,,498635,-4639.605862,credit,10-31-23,7300,146270.2142,,7.239062019,693,test@gmail.com,Mumbai,MH,India
1663,John ,02-02-21,F,43268890,CUR,,79251.58321,,266562,16266.88864,,02-17-23,5264,341946.6774,closed,14.41258196,328,invalid,Delhi,,USA
1662,Rahul,05-19-20,F,93267946,SAV,,85448.89484,USD,307158,3844.075412,,08-31-23,5092,397398.8774,,10.99118685,724,,,DL,USA
1189,Alice,11-23-22,,65777727,SAV,,9416.503435,INR,739446,7471.7873,credit,06-14-21,6685,56429.08247,,14.92126471,352,invalid,Delhi,MH,USA
1735,NULL,01-21-22,Male,43931226,CUR,,95000.609,USD,101468,36336.05341,credit,02-18-22,6434,266760.7155,,5.89613724,872,invalid,Delhi,DL,India
1036,Sneha,05-17-22,F,26213225,,,29526.37487,USD,386453,-5468.374838,CR,06-26-22,7185,50632.59049,active,6.265621365,705,test@gmail.com,Mumbai,DL,
1779,,11-10-22,Male,97764530,saving,BR01,64542.94257,INR,172255,39654.87305,,07-10-20,6231,436287.0096,,13.26641804,563,invalid,Pune,,India
1368,Alice,05-19-20,Female,13033349,CUR,BR02,73941.64033,USD,882366,15660.14515,DR,04-20-22,6001,253818.3613,closed,13.64755896,496,,Mumbai,MH,
1694,Rahul,02-24-21,M,36687290,CUR,BR01,80254.35464,,968331,25763.83587,debit,06-22-21,6660,403982.8446,closed,9.454586884,483,test@gmail.com,Pune,,
1524,,09-17-23,,92039028,CUR,BR02,94303.71873,,653006,-4620.866126,CR,08-11-22,8817,184042.8188,,12.14071176,843,invalid,,,India
1278,Bob,01-15-23,Male,44337309,SAV,BR02,27856.55254,INR,325409,10241.5447,,01-19-23,6596,62539.11341,,13.67557287,893,,Mumbai,MH,
1216,John ,10-21-21,F,31680041,current,,85143.17773,,339967,-4617.944859,credit,01-23-22,7354,20749.65219,closed,5.431277882,484,,Mumbai,,USA
1866,Sneha,01-18-21,Male,89108265,saving,BR02,8827.124861,,793201,47692.62337,,11-19-23,5265,140754.8104,closed,10.73950423,636,,Delhi,,
1872,Rahul,09-23-21,F,16299492,,BR01,69029.29517,INR,838925,38435.69896,DR,12-27-21,5645,122116.8502,active,13.53480667,860,,Mumbai,,
1797,Bob,01-09-20,Male,32576162,,BR01,72907.6616,,468697,17577.96526,CR,08-25-21,7365,280175.987,,8.981549446,287,,Pune,DL,India
1272,Alice,01-16-23,F,67568342,current,,66160.94033,,936713,3416.152899,credit,08-24-23,6136,10869.41903,,8.023836061,410,invalid,Mumbai,DL,
1880,NULL,03-22-23,Female,38465797,CUR,BR01,21493.04729,,475595,46007.30631,DR,05-15-23,7948,260285.2721,,12.95706685,711,,Mumbai,DL,
1061,,06-01-23,F,49483075,saving,,86669.53044,,347113,10675.79574,debit,04-08-22,6401,195885.871,active,8.357865835,698,test@gmail.com,,,USA
1595,John ,03-15-20,F,71020155,,BR02,12730.13865,,887199,-340.9340988,CR,02-09-24,5453,288561.135,active,5.031742982,366,test@gmail.com,Pune,,USA
1879,,12-20-22,M,70692680,,BR01,631.6531097,USD,497111,23789.86331,DR,11-25-22,7238,351208.7641,,14.59572588,490,,Delhi,MH,
1728,Sneha,07-11-23,F,75554800,CUR,BR02,70333.82401,,682314,46626.44722,DR,03-17-21,6914,317045.9725,active,10.92123236,275,,Pune,,
1341,Alice,08-24-20,M,40732364,current,BR01,44924.9501,USD,667256,-9770.18257,credit,08-04-20,6463,492322.1847,active,13.19517919,897,,,DL,
1396,,02-07-23,,66381498,saving,BR01,84155.2921,INR,795457,4287.490595,debit,08-14-23,6210,69132.67194,active,13.25301562,811,,Pune,DL,
1698,John ,08-27-23,M,72199283,current,,35256.69981,,508548,46306.85842,DR,08-28-21,5830,214868.5045,,5.664104204,547,test@gmail.com,Pune,MH,USA
1018,Alice,11-10-22,Female,55148268,current,BR02,12669.25179,,245693,265.1580114,CR,02-25-20,6390,212415.3683,active,6.708601994,403,invalid,Mumbai,,USA
1176,,12-31-22,M,18556255,saving,BR01,82826.43021,,701158,-3205.392902,DR,04-26-20,6112,208526.6019,,8.111206808,717,,Mumbai,DL,India
1611,NULL,11-06-22,,53626563,saving,,52635.51132,,642462,24211.23295,,04-27-20,7234,331899.196,,8.20699285,298,,Pune,,USA
1395,Rahul,12-11-21,Female,58786500,,BR02,14865.5582,,985621,41710.6294,CR,11-22-22,7866,244914.0303,closed,11.58786118,295,test@gmail.com,Pune,,
1444,Alice,01-07-22,Male,49206376,,BR02,70640.31985,INR,664790,18626.58906,CR,08-04-23,6969,258716.2799,,11.23132921,534,,Delhi,,
1232,Rahul,03-22-21,Male,14327308,saving,BR02,48666.93204,INR,398818,49673.8554,DR,10-30-22,8068,216177.9961,closed,9.94589778,877,invalid,,,
1914,Alice,01-01-20,M,54903073,SAV,,58452.86314,,661548,30750.30197,credit,06-05-21,7179,495849.7305,,7.112637323,331,invalid,Mumbai,MH,
1075,NULL,04-06-21,M,61913068,,,43394.32551,INR,822969,-5555.505567,CR,01-28-21,5871,463780.6744,active,8.819834697,293,test@gmail.com,Mumbai,,
1264,Rahul,08-03-21,,61117909,SAV,BR02,82014.4433,USD,804824,49569.9279,,07-10-23,5634,153862.0947,,10.43593968,522,,Mumbai,,USA
1454,Bob,11-27-21,,22633010,saving,BR01,82104.08515,INR,696093,14473.65421,credit,08-26-21,8631,55796.96238,closed,9.679853661,643,invalid,Mumbai,MH,
1795,John ,05-03-20,F,63410690,,BR01,69485.82629,INR,295991,7244.152031,credit,11-23-23,8871,419882.362,,6.272925331,844,invalid,Pune,DL,India
1717,Bob,02-13-20,,71482337,current,,6067.144627,,883924,23472.75101,credit,08-20-22,6399,498585.1257,closed,11.49510494,307,invalid,Pune,MH,
1734,,12-10-22,F,50093087,saving,BR01,83079.6555,USD,285541,8258.455509,CR,12-07-22,5690,146304.447,active,5.730517768,814,invalid,Delhi,,USA
1383,NULL,11-30-21,Female,40596658,CUR,BR02,65456.36296,INR,117194,-4812.549573,credit,08-20-21,7739,178892.4629,,8.781946831,250,,Mumbai,MH,
1563,Bob,05-30-22,M,99854713,SAV,BR01,68187.53743,USD,782171,-9914.299415,DR,01-26-22,8170,470816.5907,,12.10029348,465,,Mumbai,,India
1850,Alice,03-03-23,Female,41981908,saving,BR02,33113.19824,USD,958809,16975.00118,credit,10-17-23,6865,355564.759,closed,5.200235345,566,,Pune,DL,
1505,,01-01-24,,96963179,saving,BR01,87324.3534,USD,755152,40211.80533,,12-07-22,6057,147819.1659,,10.69982819,477,test@gmail.com,Delhi,,
1366,,01-03-20,Female,79953044,,,71164.01802,,618953,24338.91114,debit,01-05-24,6955,290523.2456,closed,8.345209741,722,test@gmail.com,Pune,MH,
1143,Bob,03-25-20,Female,88119050,,,6821.998986,,668011,49952.43794,,02-18-22,5581,472114.7897,closed,5.088318434,733,test@gmail.com,Mumbai,MH,USA
1884,Bob,02-08-22,Female,68315587,,,37816.69361,,331408,7210.798739,CR,04-22-21,7218,405906.5535,active,6.903832711,536,invalid,Mumbai,DL,USA
1068,NULL,06-24-22,,25148530,CUR,,88069.93801,,568451,6827.303886,credit,07-13-23,6389,370916.3569,active,14.40946193,760,,,MH,India
1098,John ,08-13-22,Female,48620544,,,-44.34632178,,342113,-415.032386,credit,08-04-20,5783,368498.1559,closed,10.21148906,827,,,DL,USA
1395,Bob,05-31-21,F,87170267,saving,,95948.74506,INR,176298,-156.1847041,DR,01-13-21,8130,89010.16215,,14.97227205,707,,,DL,India
1024,Sneha,06-21-20,,97979966,,,66312.06967,,683526,7111.195761,credit,01-09-22,5180,412340.6196,,10.2481675,344,test@gmail.com,Delhi,MH,
1947,Bob,05-29-20,Female,70974359,current,BR02,61294.47765,,359425,37570.40272,,01-07-23,5018,138059.3162,,10.43936412,742,,Pune,,
1890,Rahul,01-18-24,,38105186,,BR01,23408.72193,INR,729721,44345.40744,CR,04-09-22,6249,465183.329,active,8.918430129,399,,Mumbai,,USA
1468,Alice,04-07-20,Male,15301358,CUR,,21123.13782,,610609,48505.23018,debit,11-11-22,8544,182319.9955,,8.100404187,272,test@gmail.com,Mumbai,,
1483,Sneha,11-28-20,F,28283361,current,,93916.11305,INR,207092,3937.379246,credit,10-27-23,8166,428830.1985,closed,7.515455531,464,invalid,Delhi,DL,
1564,Sneha,05-07-21,Female,96534282,saving,BR02,26318.60769,,364291,42877.85274,debit,08-31-22,7928,133116.7473,active,8.434206161,648,,Mumbai,,
1150,Rahul,12-16-20,Male,95079011,saving,,76428.05616,,329991,9695.305357,credit,02-11-22,8368,257263.4683,closed,9.598510809,659,,Mumbai,,
1143,Rahul,11-16-20,Male,14889084,SAV,,36277.78881,USD,400589,-3229.567329,CR,01-26-23,6616,53442.64774,closed,6.919919502,380,test@gmail.com,Pune,MH,USA
1568,,10-13-22,,77980386,current,,9621.677432,USD,809163,42201.49553,,09-06-21,7222,330059.4515,active,7.248750918,397,invalid,,,
1038,John ,09-20-20,Male,32826747,SAV,,-3874.893742,INR,292180,28166.33808,CR,11-06-23,6245,418039.6376,,7.715447687,630,invalid,,,
1108,Alice,03-22-23,F,92632529,current,,52147.02039,,730458,-116.1462351,debit,01-27-24,6638,359223.6407,,9.492598919,358,,Delhi,,India
1692,NULL,05-07-20,F,67222357,current,BR02,97456.77595,USD,447761,15789.87545,credit,08-05-23,5053,261629.2565,active,11.52813367,801,test@gmail.com,,,India
1041,Sneha,05-08-23,M,39538040,CUR,BR02,33759.30035,,313482,7235.461693,debit,08-16-21,7742,22557.9393,,13.5614615,370,,,,India
1185,NULL,09-11-23,F,58410263,SAV,BR01,32505.19507,USD,939934,34207.67412,,06-08-21,7910,466720.5036,closed,7.871318372,544,,Delhi,,USA
1934,Bob,01-06-23,Male,69322532,CUR,,31129.61987,INR,741404,17204.97384,CR,03-05-21,6426,352744.7743,active,6.837283403,369,invalid,Delhi,MH,
1397,Bob,12-13-22,F,61831782,current,BR01,49657.10292,INR,924187,49356.79671,debit,01-14-24,8389,372932.1192,,8.788474649,705,,,MH,
1222,NULL,05-11-20,,96490964,saving,,41269.81276,,764093,-6715.301064,debit,01-13-24,8938,397340.2878,,13.94383076,779,test@gmail.com,Pune,,
1633,Bob,12-08-23,M,45259675,current,,87391.03581,INR,895911,11300.91597,,09-15-20,7396,373871.713,closed,5.098607283,418,invalid,Delhi,MH,
1132,John ,06-05-20,Male,47829124,CUR,,48079.68313,USD,699649,18914.01003,credit,04-27-21,5442,220558.082,active,11.77868616,392,,Mumbai,,
1162,Rahul,09-29-20,M,39188752,SAV,BR01,48314.57301,USD,776664,20188.01328,debit,08-18-21,7880,366810.9146,,9.771600464,286,,Delhi,MH,India
1214,Bob,09-09-23,Male,60571427,SAV,,9529.017446,USD,528910,8956.149343,,12-26-22,5579,312513.3939,active,6.61046215,510,invalid,Mumbai,DL,
1732,,10-13-22,,12975605,CUR,BR01,98187.6518,USD,224232,33754.41495,credit,09-08-23,8611,427008.1668,,8.210215263,480,test@gmail.com,Delhi,MH,USA
1234,Bob,07-08-22,M,48653586,SAV,BR02,21247.15354,,992018,42484.82441,credit,01-03-20,8857,401229.9077,closed,7.249500439,503,invalid,Delhi,,India
1842,Alice,04-02-22,Female,41664126,,BR01,2703.227083,,181171,46323.15812,CR,11-22-22,5281,20687.19123,closed,13.77832168,578,,,MH,India
1657,John ,01-12-21,Male,23763700,saving,BR01,64630.35614,,476295,38305.60261,,01-19-20,7407,189443.5452,active,9.818733839,546,test@gmail.com,,MH,
1750,Alice,09-19-23,Female,33066465,saving,,57513.46887,,186296,41034.81184,credit,12-02-23,7962,17358.07609,,10.63094278,259,,,MH,USA
1587,Alice,12-07-20,M,24573834,saving,BR01,38590.29367,INR,240562,23032.71804,CR,02-22-21,5822,51037.46238,,10.93687619,695,,Pune,MH,USA
1008,,01-01-24,Female,51707317,SAV,,39330.18456,,252324,39553.29359,DR,11-14-21,8702,300705.361,closed,11.39617125,479,invalid,,DL,India
1073,John ,04-13-21,Female,19176748,SAV,,77431.71171,INR,598506,8210.234549,,03-17-23,7939,436910.9106,,9.955556904,785,,,,
1953,John ,06-22-21,M,38911861,current,BR01,15549.82721,,762222,13908.72573,DR,07-31-23,8000,59912.37935,,5.178735308,327,,Delhi,,USA
1491,John ,01-29-23,,34276628,current,BR02,81126.59849,INR,341535,9014.780829,credit,09-14-21,6669,225544.6437,closed,8.347226869,674,test@gmail.com,Delhi,,
1912,John ,12-17-21,Female,49770506,saving,BR01,63118.44696,,432103,18043.24013,,07-13-20,5640,455439.4524,,6.838732407,442,test@gmail.com,Pune,MH,USA
1252,John ,05-20-23,Female,87620710,,BR01,38991.82625,USD,503666,7134.776974,CR,06-01-23,6031,407150.4918,,11.80142843,650,,Mumbai,,India
1229,,09-30-22,,65665616,current,BR01,43093.00474,INR,418166,47696.68654,credit,01-13-20,7016,259833.9482,,5.567046514,358,,Delhi,MH,
1518,Bob,11-29-23,Female,18978989,current,,21947.95675,USD,883258,8770.67768,,11-13-21,5562,385785.7197,closed,10.63803391,512,test@gmail.com,Delhi,DL,USA
1173,Alice,12-16-20,Female,23792249,SAV,,73972.00493,INR,948423,-4117.327713,,08-16-21,7538,261346.887,,7.106317223,578,,Mumbai,,India
1652,John ,06-05-21,Female,38098059,,BR02,48851.84794,INR,271999,21609.02996,DR,04-26-23,5340,79046.16864,,14.48845838,612,,Pune,,USA
1167,Sneha,01-31-20,F,13683909,saving,BR01,28689.72699,INR,855737,-6574.055293,credit,08-12-22,5471,62368.05661,active,8.355409422,627,,Delhi,,
1169,Bob,03-16-20,,59873778,current,,57585.26215,INR,411997,-3367.410021,CR,08-17-20,8864,94184.11603,active,8.252211914,590,test@gmail.com,,,
1392,Bob,02-06-22,Female,65415449,,,99552.11747,INR,131826,3163.363352,CR,01-23-20,6710,175461.0475,,14.23384668,508,,Pune,MH,India
1945,Alice,04-18-22,,62559151,,,40702.53936,USD,929311,17861.01499,credit,08-07-23,8766,465264.6338,active,9.173479203,584,,Mumbai,DL,India
1794,,06-22-21,Male,72953195,saving,BR02,91672.59708,INR,812625,15995.05594,credit,10-17-22,8775,399839.2068,closed,14.62862334,334,,Mumbai,,
1633,NULL,01-14-24,Male,29847987,,,31226.76819,USD,696649,37981.51172,debit,05-15-21,7296,216400.7806,,5.241703521,771,,,,India
1193,NULL,09-22-23,Female,95029727,,,746.9342271,,340028,34368.47923,DR,03-28-22,5234,246538.3549,,8.063445752,820,,,,
1516,Bob,10-08-20,,11416953,,,16445.42117,,440134,15579.09764,credit,12-07-21,6106,132804.7288,active,11.6619296,557,,,DL,India
1028,Rahul,09-28-21,,29471461,current,,38962.99005,INR,451931,10022.25245,credit,10-08-23,6116,352176.4782,,13.90856965,511,test@gmail.com,Pune,,
1164,Rahul,07-30-23,,77530144,saving,,18061.6675,,317256,8988.127044,debit,08-30-20,6908,401382.8357,closed,7.56405593,880,test@gmail.com,Mumbai,MH,USA
1421,Alice,02-16-22,F,10909245,,BR02,-4976.160987,USD,140736,36439.70524,debit,12-29-23,6417,119452.3478,closed,14.30477592,701,invalid,,MH,USA
1338,NULL,10-05-21,Male,60672855,,BR01,91075.16146,,386674,-6875.655627,,12-27-22,5823,20910.81189,closed,10.94121466,500,test@gmail.com,,DL,USA
1647,Bob,06-25-23,,25993238,current,,83607.33818,,309124,-9230.701029,CR,03-10-22,6291,311944.4716,,13.01008243,573,test@gmail.com,Mumbai,,India
1495,,02-04-22,,59566094,saving,,72940.68431,,278130,37732.66352,DR,08-05-20,8488,281256.0596,closed,8.972073043,478,invalid,Delhi,,
1364,NULL,01-12-24,F,61562394,SAV,,12620.53254,,730368,18628.78256,,01-19-20,5631,201065.5775,,7.121803826,885,invalid,Pune,,
1832,Bob,03-28-20,F,58427722,current,,7638.175502,USD,567310,-2147.131687,credit,02-17-23,8654,321946.9709,,14.11235415,845,,Delhi,DL,
1341,Bob,02-15-23,,63621439,saving,BR01,2098.498695,INR,436399,4133.956076,debit,10-26-21,5528,275306.649,active,14.33135868,546,,,DL,USA
1499,John ,11-20-22,M,89534578,,BR01,71023.06482,INR,760246,45950.23719,CR,05-25-22,8324,125290.7883,closed,9.975751442,486,test@gmail.com,Pune,,
1656,,04-10-23,,73475441,saving,BR02,92524.83587,USD,488742,41570.17854,,07-31-21,6980,198864.4878,,5.06495016,874,,Delhi,,USA
1510,John ,07-12-21,,39920720,saving,,40206.2612,,324793,32587.10301,CR,05-21-22,7169,214056.7849,active,6.097829537,466,,Mumbai,DL,
1326,Alice,02-24-23,F,93548084,saving,BR02,7509.77056,INR,742911,18933.51382,debit,09-09-21,7939,440123.9972,,10.7302796,495,,,MH,USA
1216,John ,02-11-23,F,61493837,SAV,BR02,48801.24618,USD,399531,21219.41757,,08-20-22,7057,480452.0771,closed,5.237767023,697,test@gmail.com,Pune,,
1300,Sneha,12-16-23,,89367898,saving,BR01,31627.35028,INR,776935,48514.67212,,08-24-23,8870,446500.6812,,8.96911924,568,,Pune,DL,USA
1131,John ,05-02-21,,15730385,SAV,,34356.61706,,736548,47946.22663,CR,10-26-21,6339,359589.012,active,8.033699456,681,invalid,Pune,DL,India
1803,Sneha,01-02-20,,35580123,,,60239.71554,INR,532859,2916.142747,debit,03-22-22,7885,292496.3668,,12.14348275,653,invalid,Pune,DL,USA
1069,NULL,11-09-21,F,74505778,SAV,BR02,70465.40189,,553572,38666.27398,credit,03-03-22,6296,344630.8177,closed,5.555786729,286,test@gmail.com,,,USA
1251,Rahul,10-17-20,,45935918,,BR01,6613.377882,USD,501072,1834.55997,,02-05-23,6329,469554.6104,closed,9.88731269,825,test@gmail.com,,MH,
1414,Bob,08-13-20,,72396414,,,-1263.025765,,531385,2812.248673,credit,03-31-20,8876,124999.3676,active,10.7911427,591,,Mumbai,MH,India
1786,Sneha,02-18-23,Female,57368963,SAV,,99404.68178,USD,791150,30565.58205,debit,06-30-22,6233,267560.2538,closed,11.17291076,638,test@gmail.com,Mumbai,,
1444,,12-06-20,M,89659372,current,BR02,19436.47664,,393132,14300.06592,,06-02-22,6981,344804.0095,,9.05157672,283,test@gmail.com,Mumbai,DL,
1875,John ,01-08-22,Male,43214626,CUR,,652.2051154,USD,603195,45892.66443,,12-08-23,6753,339623.5007,,8.043677834,288,test@gmail.com,Delhi,,
1181,Sneha,09-24-22,M,65725103,saving,,14936.90956,INR,438592,-4659.415906,credit,08-20-22,7800,126139.4798,,11.82493034,828,,Mumbai,,India
1166,,01-30-21,Female,76633032,CUR,,-909.4261334,INR,475574,20691.53845,DR,03-26-23,7933,293365.7637,,13.47569048,458,test@gmail.com,,DL,
1090,Rahul,05-13-20,Male,53860083,saving,BR01,36140.14393,,843264,45111.29183,credit,10-17-22,7511,397956.5712,,11.93617638,401,,Delhi,,India
1713,Rahul,02-12-21,,23605804,saving,,79252.18737,USD,560522,44246.81963,credit,03-26-21,7759,237539.49,,14.32102365,614,,,,USA
1857,John ,10-26-23,Female,17085904,,BR01,30830.66722,,765329,-608.2471951,DR,12-16-21,7775,396649.0383,,12.17263525,448,,Delhi,MH,
1530,Alice,09-01-23,,75276240,saving,,41639.25772,INR,374548,11998.26201,debit,08-28-22,7764,179941.2989,active,12.64618734,850,,Mumbai,,USA
1038,John ,03-13-20,F,23824880,saving,BR02,65936.61122,,502205,27147.284,debit,10-11-22,6948,469380.0636,,6.679031966,328,,Mumbai,,
1125,NULL,11-10-22,Female,83808608,SAV,,48433.87736,,558521,-436.3069137,,08-30-22,8487,266964.2202,,9.195396445,726,,Mumbai,,
1450,Sneha,07-10-22,F,87696863,CUR,BR01,85451.79703,,529199,48081.33032,CR,08-14-22,8287,297973.9754,active,9.85055331,683,invalid,Delhi,,
1172,Bob,08-06-20,Female,46355877,SAV,,85933.74588,,865644,44884.95972,CR,04-13-22,7127,15680.7844,,7.562931623,281,test@gmail.com,,DL,
1652,Alice,10-20-23,Female,35974082,saving,BR01,-3959.376973,USD,270534,17.01074207,,02-18-21,8850,85134.56856,active,10.2853986,336,test@gmail.com,Pune,,India
1753,John ,04-20-21,F,56467514,,BR01,76694.86218,,381504,-2730.672324,CR,07-17-21,7527,316466.9402,,7.907919442,800,,,MH,
1219,,08-19-23,Male,54807180,SAV,BR01,43377.02803,,972089,-4875.491032,credit,06-24-21,5901,209935.1859,,11.87502093,642,,Mumbai,,India
1637,Alice,12-30-20,M,21953070,SAV,,98828.25684,,519503,44566.61984,credit,06-07-21,5890,254081.8952,,9.702884767,862,invalid,Delhi,,India
1057,Sneha,08-18-21,,16839789,current,BR02,45739.36797,USD,296544,1617.428588,DR,07-21-22,6570,31485.70437,,9.588069543,493,,Delhi,,India
1659,Alice,07-06-21,Female,18570556,saving,BR02,98624.07427,USD,346512,14977.09571,DR,10-30-21,6824,417067.6192,,14.83642531,481,test@gmail.com,Mumbai,,India
1475,Sneha,02-19-20,,96468894,,BR02,74229.78293,INR,864325,16931.08194,,05-27-20,7065,392252.8011,active,8.924448485,829,test@gmail.com,Delhi,,India
1455,John ,08-30-22,F,75626102,SAV,BR01,21103.51288,,134160,25940.66265,,05-05-22,6188,92676.98786,closed,8.622954326,441,,Mumbai,DL,USA
1828,Sneha,03-03-20,,92102991,SAV,,51531.47283,INR,368933,-5695.879375,,11-08-23,6548,317164.6786,closed,8.186043713,789,,,MH,India
1894,Alice,06-03-23,F,64101105,,BR01,99174.24215,,258253,3605.517044,credit,01-29-24,5201,409157.6058,,13.94749221,519,,Delhi,MH,
1360,,01-08-21,,44761183,saving,BR02,85040.71381,INR,769745,45889.42322,CR,09-16-21,5740,320427.0682,closed,9.967238261,326,,Pune,MH,India
1934,Rahul,07-15-22,M,10953692,current,BR02,5223.523848,USD,969029,44504.60644,,07-15-23,6369,155199.0476,,11.00014477,416,test@gmail.com,Delhi,,USA
1000,Alice,05-26-23,M,26994986,SAV,,69169.05967,,165641,36877.43884,,05-05-22,6389,328055.5752,active,6.80818479,533,,Mumbai,MH,
1386,Sneha,04-08-23,M,31614133,current,BR01,31285.85652,USD,930679,-8835.925263,credit,10-20-22,7000,105230.8738,closed,10.4094236,338,test@gmail.com,Pune,,
1972,Rahul,05-23-23,M,50523561,CUR,,-4266.862503,INR,710961,9620.40611,credit,11-22-23,6471,159127.4986,closed,7.746481929,793,,Mumbai,DL,USA
1347,Sneha,06-18-21,M,42401727,saving,,37365.50175,INR,331322,27677.52412,credit,01-21-22,6536,120034.8266,,12.30636921,898,,Delhi,,
1189,,04-17-23,M,87934717,CUR,BR02,19649.21428,,367688,6511.412706,CR,04-09-23,5318,278462.5512,active,13.32528349,405,invalid,Pune,,USA
1504,Sneha,02-13-23,F,93624212,CUR,,80981.2734,,871143,44575.2017,,05-21-23,7264,54113.32338,closed,12.14810692,499,test@gmail.com,Pune,,
1190,John ,05-16-22,Female,74276431,CUR,BR01,30419.71393,INR,506491,28033.36771,debit,05-20-20,6057,466655.1902,closed,12.30244166,344,invalid,Delhi,MH,
1507,Bob,06-15-22,,41343819,saving,BR01,81889.98787,INR,860649,-5685.596961,debit,06-26-23,6894,166756.1768,closed,10.12474704,266,,Pune,,India
1368,Alice,02-20-23,M,99796264,saving,BR02,-4937.216422,INR,687536,44540.33533,,10-29-20,7313,109485.0636,active,12.12118056,366,,,,India
1408,Bob,03-21-22,F,71423138,,BR02,27321.01075,,396694,47465.99949,,07-24-20,8711,248274.9068,active,9.226869355,582,,Pune,,India
1823,Sneha,10-13-20,F,95676088,current,BR01,20322.3475,USD,940125,-5337.254896,,10-24-21,5723,138498.9092,closed,11.51489154,771,invalid,Pune,,India
1928,,08-15-22,F,62158173,current,BR01,19524.57291,INR,512857,21941.61409,,05-05-22,7822,267452.0432,,7.590392101,329,,,MH,USA
1933,Alice,08-09-20,Female,48067502,,BR02,2159.595075,,302821,8201.856933,CR,08-25-22,8895,174254.5749,,5.697570123,895,,Mumbai,DL,
1116,Sneha,10-15-23,,66483185,,BR01,14648.04839,INR,880237,13570.34459,debit,05-23-23,8151,66033.40538,closed,9.134732641,681,,Mumbai,DL,USA
1133,Rahul,05-15-21,Female,98353031,CUR,,53332.70484,,966453,779.0730773,DR,03-12-22,6700,132947.621,active,9.617781558,452,invalid,,MH,
1057,NULL,04-16-21,Male,78587632,,BR02,25592.91265,,377749,24684.32612,debit,11-06-21,5412,219219.9225,closed,7.564071582,365,invalid,Pune,DL,
1555,Sneha,04-07-20,F,67421126,SAV,BR01,38826.45214,INR,596389,47478.76119,debit,09-13-20,6275,15146.61324,active,12.27709518,469,invalid,Delhi,,
1684,Bob,01-09-21,Male,19953821,current,BR02,34571.02244,,150713,20184.35602,credit,04-18-23,8083,385321.2635,closed,5.73550479,502,test@gmail.com,,,
1671,Alice,09-27-22,M,71483654,,,86970.01712,INR,513606,-5025.125116,,03-01-23,5400,310912.2823,active,7.227483244,418,,Delhi,,
1172,Bob,02-03-22,M,65456322,SAV,BR02,90056.3949,USD,437547,27200.08001,,05-11-20,6839,300679.8036,,12.48564718,565,invalid,Mumbai,DL,
1828,Alice,01-08-24,Female,92117696,SAV,BR02,46760.48202,INR,944898,10413.37967,,06-03-21,5723,273024.9659,,9.371242737,621,,,DL,USA
1814,Sneha,06-09-20,,43957412,SAV,,29666.37478,,628269,41355.51138,credit,09-18-20,7329,295156.5862,,12.05283624,832,,Delhi,,
1148,John ,07-22-20,Male,38044174,SAV,,6214.07392,,481382,16080.6889,CR,09-13-20,6135,467325.9764,,10.67485878,405,,Pune,,India
1079,Rahul,08-04-23,,86666404,CUR,BR01,95107.30234,,195335,1570.376537,CR,08-29-22,7770,4284.605405,active,14.5071275,863,test@gmail.com,,,
1885,Sneha,06-20-23,Female,34334476,SAV,,1323.829215,,207441,1466.337361,DR,07-07-23,8449,23899.85483,,10.97795833,262,test@gmail.com,Delhi,DL,India
1212,Bob,05-14-23,M,24722791,CUR,BR02,26253.27914,INR,116984,36125.85084,CR,09-16-20,5750,95746.70497,,5.148689743,757,,,,
1202,NULL,02-22-20,,91272708,CUR,BR01,26296.95112,USD,749868,5935.255898,CR,03-27-22,5267,83650.69,closed,8.528773505,714,invalid,,,
1763,NULL,12-17-20,,50487099,SAV,,28642.13504,INR,997748,36034.00365,,06-27-23,8988,90597.22973,active,6.430606822,469,,Mumbai,DL,India
1228,,08-28-22,M,19837695,current,BR01,12250.11854,,515976,2353.238646,debit,06-04-20,7345,335971.9429,active,14.24633678,264,,Mumbai,MH,India
1675,Alice,08-31-23,Male,79217406,SAV,BR01,77231.95025,,756884,9301.182122,CR,04-03-23,6340,229741.6505,closed,6.040124543,366,test@gmail.com,Pune,DL,
1226,Bob,09-04-20,M,50476928,SAV,,7862.275506,,742742,17929.21835,CR,04-24-22,5569,495889.4392,closed,8.877066631,580,test@gmail.com,Mumbai,,India
1658,,01-10-22,,19326243,SAV,BR01,61665.19921,,149402,46591.75098,credit,11-26-23,7556,113442.9574,,7.260991936,305,,Mumbai,DL,USA
1531,Bob,07-31-22,Male,63834274,current,,8003.832804,USD,191656,45903.88549,DR,12-26-21,6973,155415.0505,active,13.4672199,600,invalid,Mumbai,,
1440,Alice,05-13-21,Male,95272769,saving,,2406.241947,,165614,2412.312525,credit,08-11-20,5545,492120.3584,,8.085664976,381,invalid,Delhi,,
1401,Sneha,07-17-21,M,55759166,saving,,90490.09789,INR,266963,11493.14247,,03-08-22,7822,415879.0704,closed,14.91893483,475,,,MH,
1046,Sneha,01-10-22,,91079560,CUR,BR02,14963.52046,INR,453153,-1036.036693,debit,03-05-23,5364,234899.6103,active,5.386166056,557,test@gmail.com,Mumbai,MH,
1232,NULL,03-02-20,Female,28895649,CUR,BR01,81231.26623,INR,533048,20599.10476,DR,09-18-21,5546,277298.4428,closed,6.282767725,724,,Delhi,,India
1304,Sneha,09-19-20,,75065901,current,BR02,52186.24147,,407980,17634.95304,credit,07-22-23,5270,421588.9603,,7.246387764,471,,,,
1525,Sneha,01-23-23,F,15553535,,BR02,3174.934559,INR,883077,44045.60975,CR,01-05-21,8545,240490.123,,13.1110604,422,test@gmail.com,Mumbai,DL,
1142,John ,12-09-23,Female,13678621,saving,BR01,95322.0601,INR,755337,45800.32267,CR,03-14-21,5738,103011.8618,,13.78517209,589,,Mumbai,MH,India
1414,NULL,02-03-21,Male,25074661,CUR,,20930.92253,INR,962839,13014.04346,DR,12-27-20,7584,414222.2693,active,5.714513806,755,test@gmail.com,,MH,India
1512,,02-19-23,Female,31777762,saving,BR01,85262.76126,USD,894042,19504.27658,CR,12-11-20,6257,268886.2456,closed,5.324601418,406,invalid,Delhi,,
1372,Rahul,07-12-22,Male,86795463,current,BR02,12725.05061,,733669,43774.17495,credit,05-06-22,5058,76521.29858,closed,12.44556857,400,invalid,Delhi,DL,USA
1565,John ,05-22-21,Male,84080002,current,BR02,84664.00262,,586134,38402.46846,credit,01-03-22,6274,252792.9156,,6.333520068,427,,Pune,MH,India
1885,,01-10-24,Female,40450573,,,-3610.974645,,115791,-9780.621319,CR,09-28-20,6870,206601.6903,,6.329985871,782,invalid,,MH,USA
1258,Alice,11-02-23,Male,72451660,,BR01,48736.94794,,158047,9203.573851,CR,06-10-20,5085,438421.2659,,5.223665345,361,invalid,Pune,DL,USA
1655,John ,02-18-23,Male,53757228,current,BR02,75791.47084,USD,594064,15306.45452,,01-21-22,5762,63027.71568,,5.498078776,387,,Delhi,MH,
1470,,01-08-23,F,54050399,CUR,,93153.52934,,334898,3782.977021,debit,07-30-20,5389,437604.9022,,7.636754586,482,test@gmail.com,Mumbai,DL,USA
1952,Alice,10-26-23,,52161441,saving,BR02,90466.2243,USD,561122,1974.296954,DR,08-09-22,6203,256105.5084,,5.650054894,581,test@gmail.com,Pune,,
1970,NULL,12-11-21,,36150956,SAV,BR02,81060.6113,USD,775025,-7732.929604,credit,07-16-22,5718,202182.215,,8.688790917,791,,Delhi,MH,USA
1011,Rahul,12-28-22,F,85656764,,,88260.09171,,170246,28602.1835,DR,02-02-24,7903,80983.5922,,13.32775031,556,test@gmail.com,Delhi,,
1329,Alice,11-02-22,Female,40885970,SAV,,15918.06701,,296936,5750.617429,,02-05-23,5148,350408.9813,,8.263202573,410,,Mumbai,DL,India
1735,Sneha,04-06-22,M,88665231,CUR,BR02,24839.35105,INR,334955,-6859.169294,credit,12-02-20,5582,463403.3546,closed,12.27834163,651,,,,
1783,Bob,02-23-20,M,71684647,,BR02,25341.69512,INR,448292,3858.758632,,07-12-23,5120,187688.6769,active,5.939099648,839,,Delhi,,
1967,Alice,09-05-21,M,92384528,SAV,,34590.66276,,670178,38114.83717,,02-04-24,7812,120792.5003,closed,11.59375187,527,test@gmail.com,Pune,,
1357,Alice,01-19-23,F,12681206,CUR,BR01,36298.67039,,500010,41089.3509,CR,09-25-21,7652,277433.4585,,8.167471833,569,invalid,Mumbai,,India
1971,Rahul,11-15-23,F,66975081,saving,BR01,52178.30909,USD,657176,18983.97471,DR,11-20-20,7303,398092.9742,closed,12.49752879,782,invalid,,DL,
1407,Bob,02-08-24,Male,94123279,CUR,BR02,11787.37515,,237821,14964.24022,DR,06-04-21,5765,1883.847275,,6.362520141,746,invalid,,DL,
1667,Sneha,03-08-23,M,50844645,,BR02,67580.8997,USD,670819,48671.22161,CR,09-26-23,7911,315688.7182,,13.97883378,612,invalid,,DL,India
1372,,08-23-23,Female,91501371,current,BR01,12594.48663,,907040,2033.879575,DR,06-29-21,5799,298258.0003,,7.425772029,621,,Delhi,DL,USA
1007,,01-25-20,Female,96743361,saving,,27582.39062,,443130,2921.556971,CR,02-03-21,8380,159076.0929,active,8.531377933,285,,,DL,USA
1121,Alice,02-26-22,M,54675521,SAV,,47851.23871,INR,446140,7512.030622,credit,08-08-22,7106,225711.5018,active,14.50180711,552,invalid,Delhi,MH,India
1347,Bob,06-19-21,M,55545655,,,78626.25896,INR,680305,365.4390969,,07-29-22,6021,123481.6121,,10.7848236,687,,Mumbai,MH,
1675,Bob,12-08-20,M,70303470,current,,72644.26949,,597163,12761.93589,,10-17-21,8140,394942.869,,8.65771519,281,,Mumbai,MH,
1089,Sneha,02-02-22,F,68558971,CUR,,62781.10742,USD,157676,44650.05362,DR,10-14-20,6469,317267.4667,closed,14.49602147,435,test@gmail.com,,,
1647,Rahul,11-01-23,F,94399393,current,,11356.19236,INR,635848,26920.87044,debit,06-29-23,7435,266355.811,,8.290774169,423,test@gmail.com,Mumbai,,USA
1697,NULL,11-09-21,F,58383190,,,52439.76129,USD,547617,14716.79292,,09-28-20,6109,196263.0992,,5.948707127,815,,Pune,DL,India
1315,,03-03-20,,79441078,,,4181.882689,,150468,46064.64767,CR,09-07-23,7833,145692.193,closed,14.96848888,499,,Pune,,India
1177,Rahul,07-05-23,Female,48636252,current,,34623.13356,,787823,-7092.146051,debit,05-29-21,6250,411368.243,,7.678449206,528,invalid,Delhi,DL,India
1539,John ,01-30-20,Female,99152742,CUR,,38419.23568,INR,551989,2616.570674,debit,03-10-21,7640,225703.8352,,13.51257849,251,,,MH,USA
1731,,01-08-22,Male,43015348,current,,-819.7988582,,919555,23953.31631,,11-20-22,6649,250723.7099,,6.655407948,443,invalid,Delhi,DL,
1868,Rahul,04-14-22,F,41263040,,BR01,23768.75044,,718634,26933.15739,,01-25-21,8255,260414.3653,,12.31353972,415,,Mumbai,,India
1040,,09-23-23,,86151696,,,95343.19406,,765078,-7626.549606,,08-01-21,6815,224183.4677,active,10.24449394,359,invalid,,DL,
1739,NULL,01-14-20,,76469096,SAV,,95131.42382,INR,817997,14182.32547,CR,01-16-24,6345,128044.2131,active,14.80906558,629,,Delhi,MH,India
1703,John ,08-27-21,Female,12250397,SAV,,31994.3407,,886460,28949.23789,debit,01-14-23,7956,60170.22012,,10.52830356,832,,,DL,
1922,NULL,05-31-23,F,53942324,saving,,-474.4885604,USD,147599,31884.23278,DR,08-24-23,6341,49268.63358,,5.250151519,534,,,,USA
1501,Sneha,03-07-20,Male,20390284,,,13804.96863,INR,248469,28288.39415,CR,08-23-22,7613,378731.2617,closed,11.0387799,670,invalid,Delhi,,
1958,John ,09-28-23,F,51846292,SAV,,36182.86831,INR,340270,9233.793462,credit,07-31-21,7446,111763.9112,,6.453164563,362,,,MH,
1144,Alice,10-31-23,M,70404788,current,BR02,94516.86829,USD,145406,-4388.792584,,09-03-23,6732,27836.40748,closed,12.98540915,477,invalid,Mumbai,DL,India
1200,Rahul,05-01-22,F,52397458,CUR,,9825.901671,,934089,15626.74679,debit,07-21-21,5898,398758.7033,closed,13.56568196,720,,Pune,,
1928,John ,07-02-21,M,51280792,current,,75169.16359,,167560,-2274.733758,CR,11-03-20,8364,77030.82643,,9.820935188,777,test@gmail.com,Pune,MH,India
1723,Sneha,06-11-22,M,11472542,CUR,,6411.666634,,616394,46857.41951,credit,01-28-24,7340,312573.0459,,12.83221457,745,invalid,,MH,
1460,Sneha,01-30-20,Male,68665296,SAV,,98032.04563,INR,728431,18510.25196,CR,03-18-21,5484,169321.6357,active,6.451107355,280,,Pune,,India
1731,NULL,06-23-20,Female,14473014,saving,BR01,35069.73241,INR,620112,9035.550461,CR,08-24-22,8970,63240.12835,active,9.920781865,411,test@gmail.com,,DL,
1751,,03-20-21,F,23245462,current,BR01,76399.62658,,244575,35978.24427,DR,05-02-22,8518,207240.4896,,8.939442647,627,,Delhi,DL,USA
1924,John ,03-13-21,M,60894269,current,BR01,30972.0637,,154943,19876.91555,DR,11-14-21,5802,7404.430566,,11.11317387,695,,Mumbai,DL,
1908,Rahul,04-09-21,F,80638665,current,,60905.2321,,175839,8602.041441,CR,11-23-22,6715,420522.4913,active,5.444771888,676,test@gmail.com,Pune,MH,
1557,John ,06-17-21,Female,48362595,CUR,,15161.6889,USD,706962,38718.06454,credit,04-05-20,6915,256748.9807,closed,12.52122838,753,,Delhi,,India
1546,Bob,09-21-23,Female,49839283,SAV,BR02,10332.20703,INR,649633,42029.12906,debit,03-28-23,8483,69580.00545,,5.791292895,776,invalid,Mumbai,MH,
1252,,11-21-21,,61929747,current,BR01,93496.73465,USD,349495,30380.48998,debit,07-04-23,8579,118490.1592,closed,11.56471518,781,,Pune,DL,India
1389,Rahul,02-16-21,Female,78304749,current,,91352.96418,USD,150390,-7182.134656,,02-27-22,6757,223987.5961,,5.184572255,831,,Pune,MH,India
1593,Rahul,01-14-20,Male,53099123,saving,,88184.23872,INR,850401,23979.37281,,10-16-21,6809,94434.69141,closed,13.31888064,769,,Mumbai,,USA
1882,Alice,11-14-21,M,47452622,saving,,60670.51227,,421701,35797.69472,debit,07-22-22,7937,134299.5808,,6.746996302,283,,Delhi,MH,India
1255,NULL,08-27-20,,13388445,SAV,BR01,79868.16218,,101906,-1809.819275,CR,08-05-22,7291,267192.7821,,10.15497476,739,,Delhi,,India
1708,Alice,09-24-20,Male,96629054,SAV,BR02,2248.878376,USD,632249,3720.245083,CR,09-25-21,6443,416304.5065,,7.614929037,869,invalid,Pune,DL,
1814,Rahul,06-03-21,F,86776652,,BR02,30152.8494,INR,257212,42949.7063,DR,06-16-20,6952,200919.8428,closed,12.22647202,672,,Mumbai,DL,India
1920,,12-06-23,M,55276218,saving,,27938.8281,USD,289773,-8792.696689,DR,07-15-21,8007,358487.6368,,8.213511002,717,,Delhi,DL,USA
1449,John ,02-01-20,Female,18182535,,BR02,61742.75881,,439711,35163.62827,,11-24-23,8225,438342.1067,,12.24609194,273,invalid,Mumbai,MH,India
1009,John ,11-08-22,M,20196894,CUR,BR01,32375.56621,,442808,18426.39755,debit,04-16-22,7863,108150.4701,closed,7.848712068,465,,Mumbai,MH,India
1823,,03-28-22,F,22988365,,,10593.21207,,181199,16806.32953,CR,01-12-24,8495,403595.9852,closed,12.52473091,304,invalid,Pune,MH,India
1797,Rahul,05-28-20,,40031137,current,,57629.04292,,885216,-9574.20805,debit,04-27-22,7320,378701.0992,active,5.306054963,275,,Mumbai,DL,
1241,Sneha,11-12-22,,47917521,,,80510.31167,INR,199764,39163.89386,credit,09-11-20,6670,178468.649,active,7.833113354,530,test@gmail.com,Mumbai,MH,USA
1250,John ,02-13-22,,58439031,SAV,BR02,35122.96692,INR,222357,11589.49404,debit,10-18-22,6848,494759.9798,,9.986335064,576,,,DL,